*** Booting nRF Connect SDK v2.7.0-5cb85570ca43 ***
*** Using Zephyr OS v3.6.99-100befc70c74 ***
[00:00:03.004,241] <inf> core_boot: --- USB CONNECTED. BOOTING SUBSYSTEMS ---
[00:00:03.004,241] <inf> dmic_nrfx_pdm: PDM clock frequency: 1280000, actual PCM rate: 16000
[00:00:03.004,241] <inf> core_boot: Initializing ML...

[ML] Initializing TFLM Interpreter...
[ML] step 1 init complete
[ML] step 2 init complete
[ML] step 3 init complete
[ML] Arena size allocated: 118784 bytes
[ML] Arena bytes actually used: 110628 bytes
[ML] step 4 init complete
[ML] Model expects input_tensor->bytes = 1287 (firmware assumes 1287)
[00:00:07.034,729] <inf> ml_ctrl: [ML] TFLM Interpreter Initialized. Arena Size: 118784 bytes
[00:00:07.034,729] <inf> core_boot: ML Init Complete!

[00:00:07.036,163] <inf> mic_ctrl: [MIC] Hardware DMA Triggered. Pipeline Active.
[00:00:07.036,224] <inf> core_boot: System Ready. ML Inference Auto-Started.
> snapshot
snapshot

[SYSTEM] --> ML SNAPSHOT REQUESTED

[SNAPSHOT] Get ready to speak your keyword...
[SNAPSHOT] 3...
[SNAPSHOT] 2...
[SNAPSHOT] 1...
[SNAPSHOT] >>> SPEAK NOW <<<
[SNAPSHOT] Capture complete: 32000 samples (2000 ms)
[SNAPSHOT] --- BEGIN PCM ---
PCM,28,24,29,29,28,28,32,32,31,32,29,28,28,31,33,33
PCM,33,29,32,30,31,32,32,30,30,29,27,24,26,25,24,27
PCM,26,23,23,24,26,25,24,24,23,22,27,24,25,24,23,25
PCM,28,28,29,27,28,30,27,27,28,29,30,28,28,31,27,27
PCM,28,25,27,31,25,29,28,28,27,28,31,29,27,25,27,28
PCM,26,26,24,27,25,24,26,26,24,24,24,26,26,23,24,24
PCM,24,23,24,23,21,18,20,23,22,24,20,23,23,20,22,23
PCM,20,22,23,23,21,21,21,18,18,19,18,20,21,19,20,22
PCM,22,22,20,21,19,18,19,23,24,22,23,24,22,24,23,23
PCM,22,22,25,27,23,24,23,24,22,22,23,24,26,28,29,29
PCM,27,25,26,27,31,29,27,27,25,27,28,28,29,26,26,24
PCM,25,24,24,25,26,30,30,31,28,30,31,30,31,32,32,32
PCM,31,32,32,32,33,32,33,33,34,34,34,37,35,36,33,34
PCM,36,32,33,32,32,34,33,32,31,30,30,30,27,27,27,26
PCM,29,29,27,26,25,26,25,26,27,23,25,24,25,26,26,25
PCM,28,26,25,26,27,28,26,25,27,30,27,27,28,28,28,27
PCM,28,27,26,30,29,31,30,31,32,31,33,33,34,33,33,35
PCM,34,36,33,35,34,36,38,36,39,41,41,38,39,38,40,41
PCM,38,36,38,41,37,38,38,38,36,38,36,41,43,42,43,42
PCM,42,43,43,43,42,40,40,42,42,42,43,44,44,40,40,43
PCM,45,42,43,44,43,42,42,41,40,43,43,42,43,42,40,39
PCM,40,39,41,43,40,43,40,40,40,41,40,38,38,37,34,34
PCM,34,34,35,34,34,34,33,34,31,31,29,29,29,28,28,29
PCM,32,27,29,27,28,30,30,31,31,32,34,30,33,32,34,34
PCM,32,29,30,33,32,32,34,30,31,32,33,35,34,35,34,36
PCM,38,36,36,38,38,36,36,35,36,34,34,36,36,35,36,38
PCM,37,35,36,36,36,37,36,34,36,33,35,36,33,31,31,33
PCM,30,32,33,34,31,31,31,32,32,32,31,30,31,31,31,34
PCM,35,35,35,35,36,35,36,35,34,34,32,30,30,32,32,33
PCM,31,33,33,32,33,33,32,31,32,30,28,31,27,30,27,30
PCM,29,26,27,25,25,24,23,23,23,24,25,25,24,26,26,26
PCM,27,25,25,23,24,23,24,25,27,25,27,24,27,25,25,25
PCM,26,29,26,23,26,25,23,27,25,25,27,28,27,24,25,25
PCM,27,27,27,27,26,27,29,29,28,28,32,28,28,29,29,32
PCM,31,30,31,33,31,33,33,31,31,32,31,30,29,32,33,32
PCM,31,31,31,31,31,32,34,33,31,32,34,34,37,36,31,32
PCM,32,35,35,34,33,35,37,35,38,38,38,38,35,36,36,35
PCM,37,37,36,36,36,38,37,36,36,35,37,36,35,33,34,33
PCM,33,33,32,32,31,30,30,33,29,29,28,29,27,28,27,24
PCM,25,26,25,25,25,23,22,23,23,21,20,22,24,24,23,25
PCM,25,25,27,27,28,28,28,32,33,32,32,33,32,36,35,34
PCM,33,33,32,34,34,35,34,34,34,33,32,32,32,33,35,33
PCM,34,36,36,37,36,35,38,37,37,36,36,36,37,36,36,34
PCM,35,37,35,38,36,36,35,38,38,37,40,41,40,41,41,39
PCM,38,39,40,41,39,37,38,41,42,41,40,41,40,41,40,41
PCM,42,41,39,39,40,42,44,41,42,43,43,45,45,44,46,47
PCM,45,46,46,43,44,43,46,44,44,45,43,44,39,40,40,39
PCM,38,38,37,32,34,33,33,33,33,33,33,33,33,31,31,31
PCM,32,35,36,37,35,38,36,37,37,36,39,39,38,37,37,36
PCM,38,37,37,37,38,38,37,38,39,39,39,42,41,40,44,44
PCM,44,45,41,42,43,43,43,41,43,42,41,43,42,40,42,42
PCM,42,42,41,40,39,41,42,40,42,42,43,43,40,42,42,40
PCM,40,41,39,39,39,39,39,38,37,38,38,40,38,37,36,35
PCM,37,38,39,38,39,38,38,36,34,33,35,36,39,36,36,39
PCM,38,39,40,41,40,41,41,40,41,38,38,38,38,36,37,34
PCM,35,35,34,35,33,29,30,32,30,27,27,27,24,26,23,22
PCM,23,26,22,21,19,21,21,19,17,19,17,19,18,20,20,19
PCM,18,17,17,13,14,15,18,18,17,15,18,14,15,15,17,17
PCM,18,18,18,19,21,20,21,21,21,22,22,25,24,24,22,22
PCM,24,27,28,26,25,28,27,29,28,31,30,30,30,30,30,32
PCM,31,31,31,31,32,29,29,31,33,32,34,34,32,34,32,31
PCM,31,30,31,32,31,30,29,30,30,31,32,32,34,32,33,32
PCM,33,32,32,32,32,31,30,30,32,33,32,31,30,30,28,27
PCM,29,28,28,29,28,29,30,32,32,33,34,33,34,33,34,33
PCM,32,32,33,33,33,31,28,30,27,29,28,28,26,27,26,27
PCM,28,28,30,30,30,29,31,30,28,30,28,29,29,32,31,32
PCM,32,31,32,32,33,32,31,32,34,32,32,30,32,31,31,31
PCM,33,32,32,35,32,30,34,35,36,36,35,38,38,39,38,39
PCM,43,41,41,41,42,42,42,42,42,42,40,41,43,44,41,39
PCM,40,40,39,40,41,40,39,39,37,37,38,38,40,40,41,38
PCM,36,39,41,41,42,41,42,40,40,40,43,45,42,44,41,43
PCM,40,41,42,41,43,39,40,42,40,39,40,40,39,39,39,38
PCM,38,38,37,38,36,37,37,36,39,37,38,35,38,39,37,36
PCM,39,37,37,36,36,38,38,36,34,31,33,35,35,35,33,34
PCM,33,31,31,31,32,32,32,31,32,30,31,32,32,35,33,32
PCM,33,33,34,33,31,31,32,34,32,36,37,37,38,38,39,38
PCM,40,41,40,40,41,42,43,43,43,43,43,43,42,42,43,44
PCM,44,43,41,41,40,40,43,40,42,41,38,40,40,41,40,38
PCM,40,39,43,40,40,38,39,40,42,44,42,43,43,42,44,43
PCM,43,42,42,41,39,41,42,43,42,40,40,41,41,42,43,42
PCM,42,41,41,41,44,42,42,42,41,40,41,40,39,40,39,40
PCM,38,37,37,38,41,38,37,38,36,35,34,34,35,34,35,33
PCM,33,34,35,35,37,35,34,35,32,32,33,29,29,27,30,27
PCM,28,27,28,27,25,30,28,30,30,31,34,35,35,34,34,36
PCM,35,36,36,36,35,35,35,34,33,34,35,35,33,33,33,33
PCM,33,29,30,30,30,32,30,32,30,32,29,31,33,33,32,30
PCM,33,30,30,28,32,34,31,31,28,28,27,29,28,26,24,21
PCM,27,26,25,23,26,27,29,27,29,28,27,29,29,32,32,31
PCM,33,34,34,35,35,36,36,36,35,36,38,37,35,35,33,34
PCM,35,34,35,34,34,33,31,30,29,30,30,30,30,28,27,28
PCM,27,28,26,24,24,25,27,28,26,26,26,26,26,25,27,25
PCM,28,29,27,28,27,27,29,27,27,30,28,28,29,29,28,30
PCM,29,29,28,29,32,31,29,30,31,34,34,34,33,34,32,33
PCM,31,31,34,34,33,32,33,36,37,37,38,38,40,40,39,40
PCM,41,40,43,43,41,42,42,41,42,41,41,40,40,40,40,41
PCM,42,41,39,40,37,41,43,42,40,42,40,39,38,38,40,40
PCM,38,37,37,38,38,38,39,37,38,40,39,41,39,39,40,38
PCM,36,37,39,36,37,36,36,36,34,34,33,35,37,35,38,36
PCM,37,32,36,35,36,34,32,32,33,34,33,31,32,32,31,31
PCM,30,32,32,32,32,32,33,35,35,34,33,33,32,33,33,31
PCM,33,30,35,36,35,36,36,39,37,40,41,40,42,42,42,41
PCM,44,44,44,48,45,45,43,44,46,44,44,44,45,46,45,45
PCM,42,41,44,44,45,44,45,45,44,42,40,40,40,40,41,42
PCM,44,43,40,42,45,45,41,42,42,42,41,42,43,42,42,41
PCM,44,45,47,45,46,44,42,39,41,42,42,42,40,42,41,43
PCM,43,44,42,42,40,43,44,41,41,41,43,43,43,43,45,45
PCM,45,43,45,46,46,46,45,44,44,44,43,44,42,40,40,40
PCM,40,39,40,37,37,37,37,37,37,37,38,37,38,38,39,37
PCM,34,36,37,37,36,39,41,38,38,39,38,40,40,43,41,43
PCM,42,42,46,42,46,46,45,44,45,47,46,47,48,49,48,47
PCM,49,47,48,46,47,47,49,47,47,48,47,45,47,49,48,47
PCM,47,46,46,44,44,43,45,42,44,45,44,46,45,45,42,43
PCM,43,42,42,42,44,42,40,43,43,44,43,42,42,40,41,40
PCM,40,43,42,42,45,43,46,46,45,44,41,40,41,41,43,43
PCM,41,38,40,37,37,36,35,36,34,34,35,34,34,33,34,33
PCM,33,33,32,31,32,33,30,32,33,31,30,30,30,29,30,31
PCM,31,30,29,29,31,33,32,33,34,33,33,32,34,35,37,35
PCM,36,35,36,38,38,39,38,39,38,39,39,38,41,40,40,40
PCM,41,41,41,39,40,41,44,43,44,44,42,42,42,42,42,42
PCM,43,41,42,41,42,41,40,42,42,39,40,40,41,39,39,37
PCM,36,37,34,35,35,32,29,33,34,35,35,37,36,33,34,35
PCM,35,34,34,35,34,34,34,32,31,30,29,32,30,30,30,30
PCM,30,30,29,26,29,31,30,30,30,31,31,32,32,32,33,34
PCM,34,34,35,34,34,33,34,36,38,35,34,33,29,33,31,34
PCM,33,31,28,27,30,28,26,29,28,29,28,29,28,29,29,28
PCM,29,31,29,29,30,32,32,28,29,29,29,31,31,32,34,35
PCM,34,34,34,35,34,35,34,35,36,35,37,35,36,37,38,38
PCM,40,39,40,40,38,39,38,39,38,38,39,41,39,40,41,41
PCM,40,40,40,41,41,40,38,40,41,42,41,41,44,44,41,42
PCM,42,42,43,42,44,43,44,44,45,47,46,44,43,44,45,45
PCM,45,42,44,45,45,45,45,46,43,44,44,45,44,43,42,44
PCM,42,44,42,44,43,42,42,41,42,42,42,42,43,42,41,40
PCM,39,41,42,42,43,40,40,42,42,42,41,38,38,39,40,42
PCM,41,41,40,39,39,41,42,40,40,37,39,38,39,37,36,38
PCM,36,38,38,36,35,35,37,37,36,39,39,37,39,37,39,39
PCM,38,39,38,38,39,40,42,39,38,37,37,38,36,39,38,37
PCM,35,35,35,32,35,32,34,35,35,34,33,36,34,35,36,35
PCM,38,33,35,34,35,36,34,34,37,39,38,38,38,39,39,43
PCM,43,41,39,39,39,39,40,39,40,40,39,39,40,42,40,39
PCM,41,40,38,40,40,38,38,38,36,37,36,34,32,32,33,32
PCM,33,36,35,35,35,34,34,35,36,36,33,33,34,33,33,34
PCM,32,30,32,29,31,31,30,31,32,30,30,30,31,31,28,30
PCM,29,29,30,32,31,30,31,34,32,33,34,31,32,31,30,31
PCM,31,32,31,32,31,32,32,32,34,32,32,31,32,31,32,32
PCM,32,32,30,32,32,32,33,34,30,32,33,32,34,34,34,34
PCM,34,33,32,34,35,34,34,34,34,34,32,32,33,37,37,38
PCM,39,37,37,36,37,35,36,33,33,32,31,29,33,33,33,32
PCM,36,34,31,32,30,33,33,33,34,32,36,36,31,33,36,35
PCM,36,34,32,34,34,35,36,33,33,32,33,32,30,32,31,30
PCM,29,30,30,31,32,33,31,31,32,30,31,31,28,27,29,29
PCM,31,32,31,32,35,33,34,35,37,37,37,36,38,36,36,35
PCM,38,38,39,37,39,37,39,39,39,41,40,39,40,41,42,40
PCM,41,39,40,39,38,40,41,40,40,42,41,40,42,41,41,42
PCM,42,42,44,38,41,39,39,40,39,37,37,38,37,36,36,34
PCM,34,35,34,36,34,34,33,33,34,34,33,32,33,32,34,33
PCM,34,34,35,35,36,36,38,36,35,34,35,38,37,38,38,38
PCM,40,38,38,36,38,38,36,37,39,39,39,36,36,39,37,36
PCM,36,37,35,38,38,38,39,39,39,39,39,39,38,38,39,38
PCM,38,37,37,36,41,38,39,42,42,38,36,37,37,37,38,37
PCM,38,36,36,38,38,37,37,37,37,39,38,38,36,39,39,39
PCM,38,39,39,40,40,40,40,43,40,40,39,38,36,37,37,36
PCM,36,34,32,33,33,34,31,31,32,34,32,34,33,33,33,32
PCM,33,30,31,32,31,31,30,30,32,31,33,33,32,32,31,33
PCM,34,34,34,34,35,35,36,36,34,35,33,32,33,34,34,34
PCM,34,35,35,35,32,35,32,32,33,34,33,33,31,32,30,32
PCM,31,30,30,32,33,30,32,30,31,30,28,32,29,28,28,28
PCM,28,28,30,29,29,29,29,28,28,31,28,28,30,31,30,32
PCM,33,32,35,34,36,36,35,39,37,38,37,39,36,38,38,39
PCM,40,39,41,41,42,42,40,40,42,45,42,42,41,42,42,42
PCM,42,43,41,41,42,44,46,42,43,43,44,45,44,45,44,45
PCM,43,43,45,45,45,39,41,40,40,38,38,38,38,36,34,35
PCM,34,34,34,35,32,29,29,29,28,29,26,28,26,27,25,25
PCM,25,24,22,23,26,23,23,25,25,22,23,22,20,23,20,21
PCM,23,25,23,21,22,21,20,21,21,20,24,21,23,25,25,26
PCM,28,26,28,29,30,30,30,31,32,33,31,35,37,39,38,40
PCM,40,39,43,47,47,48,50,50,52,53,55,58,57,58,59,59
PCM,60,60,60,62,62,62,64,62,61,63,64,60,62,61,61,61
PCM,59,58,58,57,56,54,54,54,54,54,54,52,52,51,48,45
PCM,44,42,41,41,40,40,37,37,34,35,34,33,32,30,32,31
PCM,32,27,28,26,26,26,24,24,24,23,22,23,18,20,19,21
PCM,22,20,21,18,16,17,16,15,14,13,12,10,11,12,11,10
PCM,8,9,9,11,12,12,13,15,17,15,17,18,23,23,25,23
PCM,24,24,29,29,32,33,37,38,40,42,40,43,44,45,49,52
PCM,55,55,56,59,59,63,64,65,67,70,74,71,70,72,73,74
PCM,75,76,75,74,74,73,73,69,69,69,65,63,64,60,60,57
PCM,56,54,51,45,43,43,41,39,41,36,31,33,30,29,28,26
PCM,24,25,20,21,19,17,18,17,16,14,12,12,11,9,8,5
PCM,6,4,5,2,3,1,0,-2,-3,-5,-5,-9,-8,-12,-13,-13
PCM,-13,-17,-17,-15,-18,-17,-17,-17,-15,-11,-8,-7,-12,-8,-9,-6
PCM,-3,2,4,8,10,12,21,27,35,36,39,45,50,54,58,61
PCM,67,69,71,75,76,79,80,82,85,86,85,84,83,81,80,83
PCM,83,78,77,78,76,75,78,78,76,75,74,73,75,77,74,74
PCM,75,73,72,74,79,77,76,76,73,75,73,74,74,74,75,72
PCM,68,69,65,70,65,61,58,57,56,54,50,42,40,36,32,29
PCM,26,19,18,10,5,0,-2,-7,-12,-16,-22,-22,-26,-30,-32,-34
PCM,-34,-38,-45,-49,-48,-49,-55,-55,-58,-58,-62,-66,-68,-69,-72,-75
PCM,-73,-70,-69,-67,-61,-51,-40,-30,-24,-16,-6,5,18,30,45,54
PCM,61,63,71,84,89,95,95,95,96,96,100,100,98,96,96,94
PCM,92,87,86,85,82,76,75,73,67,64,63,67,67,65,61,59
PCM,63,67,68,68,65,62,61,63,62,60,57,55,50,48,48,46
PCM,46,42,42,43,42,46,46,49,52,51,58,56,56,57,55,58
PCM,61,61,58,56,54,48,47,47,43,39,36,35,30,30,25,24
PCM,20,18,14,15,12,10,8,9,10,10,10,11,12,14,15,14
PCM,17,17,18,19,23,25,27,27,30,31,33,39,41,42,42,45
PCM,48,51,53,54,56,57,57,56,56,57,58,56,52,51,51,47
PCM,47,42,43,43,39,38,38,37,35,37,36,36,36,34,34,32
PCM,31,31,33,32,32,32,31,29,28,26,25,24,21,18,17,20
PCM,20,19,15,13,13,11,10,10,6,3,1,0,-2,-4,-5,-6
PCM,-8,-4,-6,-3,1,5,8,9,14,19,23,26,30,36,42,44
PCM,47,52,52,55,59,63,62,62,62,64,61,61,60,58,57,54
PCM,55,54,51,49,49,44,45,44,47,45,44,44,43,49,44,45
PCM,47,51,54,55,58,62,62,66,67,69,70,71,73,72,75,77
PCM,78,77,77,79,75,75,69,67,65,64,62,58,52,46,41,36
PCM,28,25,17,11,4,-3,-7,-9,-17,-25,-29,-35,-40,-41,-43,-50
PCM,-55,-59,-60,-67,-68,-73,-77,-80,-82,-85,-85,-83,-82,-76,-68,-56
PCM,-40,-29,-12,4,22,42,58,79,99,114,131,140,149,154,157,161
PCM,157,150,143,136,129,113,96,80,60,44,28,12,-6,-21,-36,-48
PCM,-60,-67,-71,-72,-71,-70,-65,-57,-46,-36,-22,-9,7,25,41,55
PCM,71,87,105,120,130,141,148,156,161,167,170,173,171,166,155,149
PCM,142,133,125,113,102,89,80,67,55,45,35,25,17,11,5,3
PCM,2,0,-2,2,5,9,17,20,29,37,43,49,55,62,69,73
PCM,77,79,84,83,80,80,77,72,68,62,56,48,44,39,32,25
PCM,18,14,11,3,-1,-4,-6,-11,-13,-14,-13,-12,-8,-6,-6,-5
PCM,-5,-3,0,3,4,5,9,8,9,12,10,14,12,14,13,14
PCM,10,4,2,3,-3,-7,-13,-16,-23,-33,-36,-43,-47,-55,-58,-61
PCM,-65,-64,-66,-65,-60,-58,-48,-39,-26,-21,-2,21,42,62,75,95
PCM,118,142,159,175,190,204,207,209,206,203,199,188,170,151,133,113
PCM,92,69,43,24,2,-19,-41,-58,-67,-77,-87,-95,-100,-98,-92,-85
PCM,-82,-70,-51,-37,-20,-7,12,33,56,75,90,107,124,139,149,153
PCM,161,169,170,169,161,154,150,142,125,109,96,80,65,46,31,16
PCM,6,-5,-18,-29,-33,-29,-30,-31,-28,-21,-6,5,12,25,40,58
PCM,69,80,92,105,119,122,125,124,126,127,119,112,102,93,84,69
PCM,55,42,33,21,8,-3,-13,-19,-26,-32,-41,-42,-38,-41,-42,-40
PCM,-36,-29,-26,-22,-19,-13,-7,-4,-1,-2,1,4,0,-4,-6,-10
PCM,-13,-24,-29,-34,-44,-53,-58,-67,-77,-82,-80,-81,-80,-79,-69,-54
PCM,-30,-11,7,31,53,85,107,131,148,168,191,191,194,189,189,185
PCM,165,147,118,96,76,48,28,2,-16,-36,-55,-67,-82,-80,-84,-84
PCM,-75,-71,-54,-41,-28,-12,7,32,52,68,85,103,123,137,148,157
PCM,165,171,171,172,169,163,156,142,131,113,101,85,65,46,25,13
PCM,4,-9,-21,-32,-33,-32,-34,-31,-25,-15,0,14,28,40,63,77
PCM,92,105,119,135,138,144,142,141,143,134,120,102,89,79,60,41
PCM,23,6,-3,-18,-30,-38,-43,-41,-46,-48,-45,-42,-36,-36,-29,-26
PCM,-17,-7,-9,0,2,7,9,8,10,8,11,10,5,1,-2,-3
PCM,-6,-14,-20,-30,-34,-42,-52,-65,-74,-80,-87,-97,-105,-109,-109,-106
PCM,-106,-104,-101,-87,-76,-61,-48,-27,-4,24,62,96,117,135,167,198
PCM,213,224,232,235,236,225,210,181,158,140,107,74,41,14,-12,-32
PCM,-50,-64,-75,-80,-82,-81,-77,-65,-54,-45,-36,-22,-2,14,23,35
PCM,55,76,87,96,109,124,140,150,154,160,165,171,169,162,150,142
PCM,132,115,98,75,57,40,22,4,-9,-17,-28,-29,-26,-27,-20,-11
PCM,3,9,20,41,52,59,69,83,88,96,101,98,97,99,99,88
PCM,79,81,74,69,61,54,50,42,39,31,27,25,22,18,11,7
PCM,5,3,0,-4,-4,-2,4,5,3,9,19,27,33,37,47,53
PCM,64,67,65,69,74,75,60,54,50,42,28,7,-9,-20,-30,-45
PCM,-65,-79,-84,-90,-102,-115,-115,-113,-112,-107,-102,-94,-87,-71,-61,-51
PCM,-32,-17,-3,6,32,70,108,131,140,160,199,226,224,212,215,225
PCM,215,189,141,103,84,65,27,-28,-50,-66,-78,-93,-103,-100,-93,-72
PCM,-67,-65,-46,-29,-17,-13,-2,16,24,32,29,35,64,85,92,87
PCM,109,136,151,161,153,150,155,157,140,111,87,73,55,29,-3,-15
PCM,-25,-26,-34,-42,-35,-19,-2,6,16,36,56,71,68,76,88,97
PCM,98,91,92,97,105,105,104,105,111,117,118,116,107,108,110,94
PCM,77,64,53,32,13,-3,-21,-31,-32,-41,-50,-46,-33,-28,-24,-14
PCM,-3,11,21,27,26,31,40,39,31,25,25,28,24,20,8,10
PCM,19,22,12,2,8,4,-5,-22,-38,-52,-60,-71,-93,-110,-118,-123
PCM,-131,-133,-125,-108,-90,-82,-73,-52,-21,2,9,15,28,45,65,94
PCM,116,128,137,159,174,174,171,165,160,154,140,118,74,42,23,10
PCM,-7,-33,-42,-59,-48,-31,-29,-33,-29,-5,-3,0,4,-2,2,7
PCM,15,17,19,34,45,66,85,103,117,125,143,149,148,144,134,125
PCM,106,91,76,60,48,38,27,27,23,23,23,19,24,32,33,26
PCM,26,38,37,42,46,50,55,61,80,79,85,98,112,114,100,114
PCM,114,106,92,81,73,58,59,48,33,34,33,32,15,17,20,14
PCM,12,7,3,-4,-1,-1,-12,-14,-1,8,4,10,18,21,24,31
PCM,27,13,17,22,15,6,5,9,1,0,-2,-4,-12,-11,-12,-26
PCM,-39,-50,-61,-80,-97,-100,-106,-111,-118,-123,-119,-106,-87,-77,-75,-55
PCM,-32,-20,-13,0,5,17,32,42,32,49,91,123,138,140,158,171
PCM,177,174,145,126,110,96,65,17,4,-6,-11,-28,-23,-12,-19,-5
PCM,1,5,5,18,14,-14,-12,-4,-7,-8,-3,13,27,57,71,78
PCM,103,125,139,134,128,127,118,112,98,81,70,65,69,61,54,65
PCM,67,61,53,53,49,33,32,22,16,16,24,28,27,45,62,77
PCM,81,80,88,85,87,83,73,67,61,71,69,61,65,73,77,76
PCM,78,71,65,58,43,31,23,18,4,-6,0,5,7,6,4,9
PCM,19,25,19,9,11,16,16,12,16,20,25,30,36,33,37,45
PCM,44,31,24,17,1,-8,-17,-33,-46,-51,-59,-70,-76,-74,-81,-85
PCM,-80,-86,-98,-106,-108,-106,-98,-89,-93,-92,-76,-54,-36,-26,-17,4
PCM,28,39,46,51,51,84,125,139,124,128,147,147,150,128,101,89
PCM,85,77,42,23,20,20,16,5,23,21,1,1,17,17,2,3
PCM,-10,-18,7,22,15,16,42,69,80,86,89,101,113,111,105,98
PCM,102,96,96,86,80,87,91,82,68,72,73,62,49,41,44,38
PCM,33,32,35,41,42,51,50,53,71,82,63,54,65,68,56,54
PCM,54,60,76,83,77,81,93,91,85,74,65,58,50,40,30,27
PCM,23,22,20,16,20,22,13,8,7,1,-10,-7,-11,-19,-10,4
PCM,3,-1,8,26,26,21,23,22,10,9,12,3,-11,-12,-9,-3
PCM,-2,0,-7,-15,-21,-27,-43,-69,-79,-87,-105,-117,-122,-124,-130,-125
PCM,-124,-124,-114,-95,-76,-66,-48,-33,-16,-10,-1,11,25,42,48,70
PCM,74,68,58,81,123,146,139,109,120,142,150,129,87,70,77,85
PCM,48,3,-2,3,5,-16,-23,-20,-25,-21,-22,-16,-3,19,20,-5
PCM,12,48,61,57,50,62,74,97,83,68,79,99,94,73,74,77
PCM,81,73,68,57,69,76,59,46,53,66,62,55,48,43,43,41
PCM,36,24,23,23,34,42,42,59,68,73,74,79,85,79,77,81
PCM,85,80,78,77,79,76,74,79,72,58,54,59,49,32,32,26
PCM,12,13,15,3,-9,1,7,1,2,6,13,16,20,20,25,21
PCM,20,22,12,6,8,9,-2,-16,-10,-3,-6,-11,-16,-15,-14,-3
PCM,-4,-17,-35,-46,-62,-87,-112,-137,-146,-144,-149,-150,-143,-128,-100,-66
PCM,-44,-38,-17,3,20,23,20,27,36,51,52,43,40,53,80,127
PCM,150,149,137,132,141,131,114,89,61,58,61,49,20,0,-1,6
PCM,0,-4,-9,-14,-19,-22,-5,3,0,8,18,20,38,59,65,50
PCM,62,83,81,74,79,90,92,94,93,90,86,89,91,84,73,70
PCM,75,72,55,45,50,46,36,35,38,32,30,38,38,27,29,42
PCM,47,53,58,69,69,74,88,91,93,81,92,99,90,88,94,93
PCM,80,83,86,81,70,64,62,65,64,57,39,22,19,22,17,3
PCM,-4,2,7,11,18,33,39,43,46,55,58,47,47,40,25,26
PCM,33,29,15,17,26,28,23,24,17,3,-7,-16,-14,-24,-42,-61
PCM,-74,-74,-68,-80,-114,-144,-142,-124,-118,-139,-158,-147,-107,-77,-60,-51
PCM,-31,1,23,30,11,10,23,35,46,42,56,68,72,81,103,130
PCM,131,126,109,91,81,68,46,16,2,-1,6,-14,-29,-19,-22,-25
PCM,-31,-44,-43,-38,-28,-25,-19,-5,3,21,22,21,39,56,64,61
PCM,59,63,76,77,84,86,78,79,79,70,54,55,62,52,50,51
PCM,51,50,46,42,29,24,13,17,8,4,10,22,31,28,43,58
PCM,64,70,69,81,77,82,78,73,85,101,111,98,92,92,103,96
PCM,73,60,49,55,46,42,37,33,40,41,33,15,13,12,8,-4
PCM,-1,9,7,10,20,37,39,45,51,38,26,22,17,13,11,18
PCM,20,12,8,17,17,9,3,-8,-18,-25,-26,-21,-28,-34,-42,-51
PCM,-61,-82,-86,-113,-129,-140,-136,-126,-99,-88,-94,-86,-100,-76,-68,-40
PCM,-36,-35,-24,-21,25,28,39,46,54,61,70,83,34,28,37,64
PCM,90,104,99,65,59,55,43,28,7,-1,-16,-21,-19,-5,10,8
PCM,-10,-13,-7,-8,2,-5,-14,-13,9,35,43,42,48,64,67,79
PCM,85,77,54,45,63,76,89,89,81,73,75,89,91,66,49,43
PCM,51,51,44,54,55,51,52,58,60,46,47,49,46,45,67,73
PCM,66,73,87,94,85,89,88,78,67,78,92,92,91,94,91,81
PCM,81,83,71,51,43,42,44,38,36,33,26,24,33,34,23,12
PCM,13,7,6,20,29,34,33,40,47,53,45,37,23,12,8,12
PCM,13,4,5,7,16,24,27,23,9,-5,-20,-27,-33,-44,-52,-58
PCM,-55,-47,-43,-53,-76,-85,-89,-82,-94,-114,-123,-129,-117,-92,-68,-59
PCM,-56,-39,-9,3,13,13,14,26,36,46,47,50,54,59,52,39
PCM,31,23,35,45,58,67,57,55,44,40,32,21,11,-3,4,0
PCM,3,-6,6,16,18,28,22,25,24,31,34,32,46,61,71,76
PCM,83,85,89,100,95,90,83,85,82,79,78,72,73,71,77,70
PCM,64,73,60,58,59,66,63,59,61,47,46,47,58,55,55,64
PCM,58,67,68,78,73,76,85,86,89,81,76,71,74,69,69,67
PCM,59,61,59,70,61,59,60,46,34,22,30,25,22,24,16,16
PCM,12,13,6,-4,3,1,5,7,19,29,30,29,30,31,23,18
PCM,9,2,-1,-2,8,2,-3,-1,-6,-4,-12,-20,-26,-30,-27,-27
PCM,-39,-50,-57,-67,-68,-70,-75,-81,-84,-82,-87,-88,-105,-106,-97,-96
PCM,-83,-76,-62,-47,-36,-24,-12,-5,2,5,13,24,33,35,29,20
PCM,17,13,16,8,0,-4,-12,-6,22,46,60,61,52,52,40,39
PCM,23,12,14,15,32,25,25,23,26,26,21,24,20,22,31,46
PCM,55,67,79,79,80,76,77,71,66,69,69,69,65,58,65,71
PCM,74,66,56,44,51,54,52,49,50,60,59,60,69,64,61,57
PCM,51,53,48,51,46,41,48,57,54,61,58,63,61,60,60,53
PCM,50,50,49,47,48,55,52,53,48,43,38,29,24,9,5,6
PCM,12,17,19,23,16,7,9,9,8,11,17,20,12,6,6,8
PCM,11,16,13,3,-2,-4,-5,-4,-5,-3,-11,-14,-9,-9,-11,-10
PCM,-15,-25,-28,-34,-41,-45,-49,-55,-63,-75,-83,-81,-71,-62,-61,-59
PCM,-57,-56,-46,-43,-40,-26,-7,10,15,13,15,22,34,43,43,33
PCM,19,22,24,18,13,9,2,11,16,13,19,37,63,72,69,62
PCM,54,51,51,44,44,39,39,42,32,28,32,37,38,44,59,58
PCM,53,53,57,59,69,80,79,81,89,94,88,84,83,78,80,80
PCM,75,64,56,62,61,54,61,57,60,58,54,49,49,58,62,59
PCM,62,63,57,57,54,49,45,52,55,53,52,57,56,53,60,55
PCM,51,51,44,41,42,50,52,50,47,42,36,32,27,23,21,17
PCM,16,13,12,14,12,15,16,14,12,11,11,7,10,12,13,7
PCM,5,11,12,21,23,22,21,20,11,3,-3,-5,-8,-6,-7,-8
PCM,-9,-14,-15,-21,-30,-40,-44,-53,-55,-57,-61,-64,-66,-60,-60,-58
PCM,-62,-67,-65,-58,-45,-43,-41,-31,-24,-14,-2,8,18,22,25,24
PCM,19,21,28,29,30,31,27,21,17,12,10,4,11,18,34,42
PCM,43,46,51,54,51,53,45,29,17,19,34,47,57,36,13,20
PCM,46,67,63,45,36,45,64,76,68,66,78,88,84,76,72,77
PCM,68,62,54,50,56,60,54,44,44,54,57,55,45,37,37,43
PCM,53,56,57,56,50,52,59,63,63,56,57,58,69,74,73,65
PCM,64,69,70,71,70,61,50,46,45,44,42,47,46,47,44,37
PCM,32,28,25,17,10,10,9,11,14,14,12,11,9,4,-2,-1
PCM,-3,-4,-4,-1,-2,2,3,7,6,-3,0,-5,-4,-1,-3,-11
PCM,-22,-18,-17,-23,-36,-47,-52,-52,-51,-51,-56,-63,-64,-65,-66,-67
PCM,-71,-72,-68,-65,-58,-50,-42,-43,-43,-42,-39,-31,-26,-22,-17,-8
PCM,1,6,9,13,14,18,27,27,27,25,24,22,23,22,20,19
PCM,16,7,1,0,-1,1,9,21,25,28,34,34,32,27,29,27
PCM,27,38,41,43,48,53,54,49,54,53,59,67,74,70,74,82
PCM,81,79,77,71,66,69,74,66,63,61,55,56,56,60,55,52
PCM,54,52,55,56,50,47,52,59,60,64,62,55,54,56,62,60
PCM,56,59,59,63,64,59,53,51,52,51,46,45,41,35,31,31
PCM,30,28,29,25,20,20,20,17,10,13,10,8,7,8,2,5
PCM,6,2,-1,-5,-6,-13,-14,-15,-16,-16,-17,-15,-17,-15,-15,-19
PCM,-21,-32,-37,-47,-51,-51,-51,-51,-57,-56,-60,-66,-71,-73,-72,-70
PCM,-67,-69,-72,-71,-71,-65,-57,-58,-57,-60,-57,-53,-43,-29,-22,-14
PCM,-15,-7,-4,4,10,19,24,30,36,46,56,63,63,61,60,56
PCM,60,62,69,69,74,80,78,73,74,66,66,69,72,75,76,76
PCM,73,79,81,79,76,70,71,70,75,79,81,80,80,80,79,81
PCM,75,76,76,77,77,79,82,81,74,75,70,68,65,65,62,61
PCM,62,61,63,59,57,55,52,51,50,50,47,46,46,49,49,48
PCM,46,43,42,40,40,43,42,40,42,41,40,39,35,37,35,35
PCM,34,32,32,30,28,31,28,24,18,16,15,15,17,16,14,13
PCM,11,5,3,7,4,3,0,-1,-9,-6,-5,-5,-10,-14,-17,-20
PCM,-17,-16,-17,-17,-17,-22,-26,-24,-25,-28,-28,-31,-34,-37,-38,-37
PCM,-34,-32,-30,-32,-35,-38,-42,-43,-37,-32,-28,-24,-24,-22,-20,-12
PCM,-6,-7,-2,-1,8,16,24,29,30,36,39,44,47,53,57,57
PCM,59,59,58,58,57,58,58,59,61,56,55,52,50,53,52,52
PCM,52,50,48,45,46,44,47,48,51,54,50,47,45,46,50,47
PCM,50,49,51,52,54,53,52,52,53,50,51,50,50,51,48,50
PCM,46,45,42,43,43,41,46,45,43,43,40,40,41,38,36,37
PCM,39,37,37,34,32,30,30,33,30,28,26,22,22,21,20,17
PCM,15,10,7,4,8,8,5,3,-2,-6,-10,-11,-10,-12,-15,-17
PCM,-20,-21,-23,-22,-21,-23,-24,-28,-30,-30,-31,-31,-31,-29,-33,-37
PCM,-41,-43,-46,-44,-44,-43,-46,-49,-48,-49,-43,-39,-37,-40,-39,-36
PCM,-33,-33,-25,-21,-22,-20,-16,-11,-7,-4,1,3,9,13,17,23
PCM,30,33,37,40,39,40,44,49,51,52,54,51,49,49,50,51
PCM,56,53,53,49,56,52,49,53,50,51,50,50,52,55,58,60
PCM,56,57,55,56,61,66,65,63,63,62,58,62,63,62,59,58
PCM,61,60,58,57,54,52,51,53,49,45,41,37,35,35,40,36
PCM,31,28,25,24,27,26,25,24,24,25,24,25,16,12,13,15
PCM,19,16,14,8,8,14,13,14,6,4,3,5,11,9,10,4
PCM,-1,-3,1,1,3,0,-2,-2,-2,0,-1,-3,-4,-4,-4,-2
PCM,-3,-5,-6,-3,0,4,3,-1,0,-1,-5,-2,-2,-3,-3,-5
PCM,-1,0,-1,-3,-4,-6,-5,-6,-12,-11,-7,-3,3,8,4,1
PCM,-2,-1,1,10,15,19,22,24,26,21,19,21,28,30,41,44
PCM,43,40,42,41,47,50,50,44,43,46,50,55,56,54,48,41
PCM,39,48,56,56,56,52,49,51,52,53,52,52,49,50,55,54
PCM,51,50,51,52,54,57,54,53,52,54,58,58,60,55,53,53
PCM,56,55,57,51,48,44,46,46,45,47,47,43,44,41,40,40
PCM,41,42,40,38,38,34,35,34,34,32,29,30,33,32,31,33
PCM,33,32,32,31,32,30,28,28,24,26,27,25,21,21,19,21
PCM,21,23,21,17,17,14,13,11,10,10,8,9,5,4,3,2
PCM,6,8,10,5,0,-2,-5,-1,3,3,-3,-8,-9,-8,-3,-2
PCM,0,-5,-12,-11,-8,-4,-3,-5,-5,-9,-7,0,-4,2,2,3
PCM,8,6,10,12,17,19,19,22,21,22,24,30,39,42,43,37
PCM,38,37,42,46,51,52,51,48,48,49,51,52,54,54,53,53
PCM,52,51,51,52,51,48,45,41,42,43,49,52,49,45,41,39
PCM,43,45,46,44,42,41,45,50,48,47,44,44,45,46,47,47
PCM,48,47,48,48,47,45,41,38,39,35,33,28,26,22,25,25
PCM,26,21,12,6,7,5,5,6,5,0,0,0,0,-3,-6,-11
PCM,-10,-7,-8,-4,-4,-7,-8,-10,-11,-11,-10,-15,-14,-11,-10,-15
PCM,-20,-20,-21,-17,-17,-18,-21,-24,-22,-22,-20,-18,-17,-17,-17,-15
PCM,-14,-14,-12,-9,-7,-2,1,0,-3,-2,2,4,7,7,3,0
PCM,4,13,18,18,11,8,8,12,19,23,21,22,16,18,22,28
PCM,28,26,28,27,30,34,32,32,37,38,43,43,44,38,41,39
PCM,46,49,46,46,39,42,48,51,52,46,40,35,34,38,43,43
PCM,38,34,35,33,36,36,32,30,32,34,33,34,34,31,33,34
PCM,37,34,30,31,32,37,39,40,36,31,29,32,33,35,30,29
PCM,25,28,28,28,28,20,18,14,15,15,14,14,12,12,10,6
PCM,4,2,3,5,6,6,5,0,1,4,5,4,-1,-7,-7,-1
PCM,7,9,8,3,-2,-3,0,0,3,2,1,4,1,-2,-3,-3
PCM,-3,-1,3,2,0,-2,-3,-2,3,5,7,3,8,11,18,20
PCM,19,20,15,17,19,25,27,29,29,24,26,26,27,26,27,29
PCM,36,38,40,35,30,31,29,33,34,38,36,39,43,41,38,38
PCM,36,39,44,50,49,48,47,45,47,46,46,45,42,45,44,46
PCM,49,46,46,43,44,48,52,54,51,51,49,49,50,48,51,51
PCM,52,52,52,48,49,44,45,46,49,48,45,44,47,45,41,44
PCM,42,41,37,40,38,38,34,34,33,32,32,30,31,26,28,30
PCM,29,29,27,22,23,20,21,22,21,23,23,23,23,22,19,16
PCM,18,18,23,23,22,18,17,16,15,13,11,10,10,10,12,11
PCM,10,11,8,5,9,8,7,6,7,7,7,7,4,4,3,0
PCM,-1,1,3,4,5,9,5,7,8,7,8,10,11,14,13,13
PCM,14,16,18,20,23,25,23,24,25,27,27,29,30,29,32,31
PCM,34,33,31,31,34,35,37,40,40,40,43,44,43,41,44,41
PCM,45,45,46,48,48,50,51,49,48,47,46,47,50,51,51,50
PCM,47,46,45,45,46,45,44,42,42,43,45,46,41,41,36,35
PCM,35,33,34,34,32,32,31,33,30,31,30,28,27,27,27,25
PCM,26,24,25,24,22,20,18,17,15,17,19,21,17,16,12,14
PCM,12,10,8,8,9,8,8,11,12,10,7,4,4,1,2,2
PCM,4,6,7,8,5,5,4,4,1,1,3,2,7,8,7,4
PCM,3,0,2,2,3,6,7,7,8,8,10,9,7,7,8,7
PCM,8,11,14,13,13,14,11,14,14,15,17,11,13,14,17,21
PCM,19,18,15,15,17,15,19,23,26,29,27,28,27,26,27,30
PCM,31,30,32,33,35,37,39,42,39,36,37,38,39,39,43,47
PCM,41,42,39,37,35,35,38,40,37,38,37,36,32,32,31,32
PCM,32,32,33,33,34,31,31,32,30,29,25,25,24,26,26,27
PCM,24,24,24,23,21,20,20,20,24,23,23,18,14,11,13,16
PCM,18,19,17,13,13,13,13,13,14,15,17,16,19,17,18,13
PCM,10,9,10,10,11,15,13,12,11,7,6,2,5,7,9,8
PCM,7,7,9,10,10,10,11,9,7,7,8,11,11,15,15,15
PCM,15,14,18,18,19,20,20,22,23,25,29,31,34,28,25,22
PCM,23,27,29,35,36,39,39,38,35,31,29,31,36,35,39,43
PCM,42,37,35,34,35,32,37,37,37,40,41,38,34,31,31,33
PCM,35,40,39,39,38,39,37,41,41,39,39,40,39,42,43,41
PCM,41,40,40,38,39,41,44,41,41,40,38,37,37,36,37,35
PCM,35,31,33,37,38,39,40,39,41,38,39,35,37,38,36,40
PCM,37,36,31,30,28,26,27,26,31,30,36,36,33,33,29,26
PCM,24,23,27,28,25,26,24,19,18,18,19,18,19,21,26,27
PCM,30,29,26,25,24,24,22,25,27,29,29,28,26,24,26,26
PCM,25,24,24,28,29,39,58,59,48,32,28,29,35,35,32,32
PCM,30,29,24,13,6,4,9,12,12,11,13,10,8,7,3,5
PCM,5,8,11,16,17,20,22,25,23,21,25,28,32,35,31,31
PCM,31,30,34,33,29,24,21,22,20,21,22,21,19,16,17,12
PCM,11,9,7,10,13,14,15,23,25,22,20,19,13,15,18,26
PCM,32,35,36,30,28,27,28,27,25,27,28,30,30,29,26,22
PCM,15,12,12,14,15,21,18,18,18,17,16,14,16,20,24,26
PCM,27,27,30,29,31,31,31,32,35,37,43,46,42,42,36,32
PCM,33,32,35,36,35,35,33,34,26,23,22,23,23,21,25,21
PCM,22,20,20,22,19,18,17,15,19,23,26,24,22,23,26,26
PCM,26,27,24,22,23,20,21,21,21,22,23,22,19,16,17,14
PCM,17,15,15,17,17,16,17,15,15,13,14,13,17,18,22,23
PCM,25,27,28,30,28,28,30,31,32,35,38,40,40,37,36,30
PCM,28,24,26,27,28,26,24,21,17,15,15,14,12,12,14,17
PCM,20,25,26,26,23,20,18,18,24,29,33,35,36,32,27,22
PCM,25,24,25,27,29,31,31,28,27,27,22,23,21,20,24,29
PCM,30,31,28,24,16,15,15,19,24,30,32,33,35,35,30,28
PCM,30,30,34,33,36,36,36,37,33,32,31,28,30,29,32,33
PCM,34,34,31,27,23,21,19,25,24,26,31,29,31,28,27,25
PCM,25,27,30,37,38,36,35,35,31,27,24,26,30,34,34,31
PCM,29,29,30,26,26,30,25,28,27,23,23,22,18,17,20,20
PCM,21,21,24,22,22,19,22,21,25,26,26,26,27,28,28,28
PCM,27,25,26,26,28,26,28,28,28,25,24,21,21,21,25,23
PCM,23,23,21,22,24,23,23,27,30,28,27,29,31,29,28,30
PCM,31,31,35,36,37,35,35,32,31,32,37,36,39,39,38,33
PCM,31,29,28,25,25,31,33,35,33,30,31,33,30,28,31,32
PCM,33,35,35,38,36,36,37,35,38,41,44,44,43,42,40,38
PCM,36,35,39,39,41,42,42,40,39,38,37,39,41,38,38,38
PCM,36,36,35,35,37,40,38,40,37,33,31,32,33,33,34,36
PCM,35,34,30,30,28,30,31,30,32,34,32,31,26,29,29,24
PCM,25,25,27,27,26,26,28,28,27,27,24,25,24,27,24,25
PCM,23,22,21,22,22,24,23,25,25,22,23,22,22,23,23,26
PCM,28,29,26,24,25,24,24,27,27,25,25,26,27,23,26,26
PCM,27,28,31,34,33,35,34,34,34,36,33,34,34,35,35,35
PCM,32,32,30,29,32,32,36,34,33,32,33,30,31,30,33,30
PCM,34,32,33,33,30,30,31,33,32,35,35,36,36,36,38,35
PCM,34,33,34,35,34,33,32,33,37,33,33,32,31,30,31,30
PCM,29,27,28,29,26,26,25,25,25,29,26,25,26,27,28,32
PCM,27,28,29,28,29,30,30,30,33,34,35,33,28,28,28,30
PCM,27,30,28,27,29,24,24,24,24,25,24,26,26,25,24,22
PCM,22,21,19,21,22,23,23,23,24,26,28,25,24,22,21,26
PCM,24,25,24,25,23,23,24,22,24,24,23,27,23,24,25,23
PCM,23,25,27,25,26,25,25,25,23,26,25,26,27,29,28,29
PCM,28,27,29,27,23,24,25,25,26,26,25,25,25,24,26,27
PCM,30,31,31,32,29,29,25,26,28,28,29,28,31,32,31,31
PCM,30,29,32,30,31,31,34,35,37,35,31,30,27,26,28,27
PCM,31,29,31,27,27,26,24,24,25,27,26,28,29,27,25,21
PCM,21,20,19,20,21,23,22,24,22,20,23,19,20,24,23,27
PCM,26,29,31,29,31,29,31,30,30,33,32,33,28,32,29,32
PCM,32,33,34,36,38,37,34,38,35,35,36,38,37,40,41,40
PCM,39,37,35,36,34,37,37,38,35,34,31,31,29,32,31,30
PCM,33,29,29,27,31,29,27,25,26,26,27,25,25,25,25,25
PCM,26,26,25,23,21,21,21,19,21,24,23,25,24,27,30,30
PCM,31,30,30,31,32,30,31,30,32,31,29,32,31,32,31,32
PCM,35,35,36,38,39,38,37,38,37,40,40,40,40,39,39,36
PCM,34,35,34,33,33,30,31,32,31,32,32,31,30,32,33,34
PCM,33,31,32,31,31,30,28,27,28,27,28,25,25,26,27,26
PCM,27,25,25,25,27,26,28,26,28,28,28,28,30,29,28,29
PCM,30,31,30,33,31,31,31,33,36,34,34,35,37,36,33,34
PCM,34,35,34,34,33,33,30,32,28,29,30,32,32,31,27,28
PCM,26,31,29,28,28,28,27,28,29,28,31,32,28,29,30,31
PCM,29,30,30,27,26,26,28,27,29,27,29,27,28,29,31,29
PCM,32,33,32,35,33,33,36,33,34,31,33,34,35,36,36,37
PCM,38,39,36,36,34,36,36,38,32,36,35,35,34,35,36,36
PCM,34,33,31,30,31,33,34,32,31,31,32,31,32,32,34,34
PCM,32,32,33,32,33,32,35,33,35,35,37,35,37,35,34,34
PCM,36,30,34,32,34,35,33,35,33,33,33,34,35,33,30,32
PCM,29,32,29,30,32,32,29,30,28,31,29,29,31,30,30,31
PCM,31,31,33,30,32,30,31,30,33,34,31,27,29,28,27,27
PCM,27,27,27,25,25,25,25,24,24,25,24,25,26,30,30,29
PCM,29,29,29,28,27,28,29,30,28,30,32,32,32,31,32,33
PCM,30,32,32,33,33,36,34,36,36,35,35,33,32,33,33,33
PCM,32,32,31,33,32,30,30,29,27,31,30,29,29,30,29,29
PCM,28,29,31,26,28,27,27,25,24,23,25,25,26,25,26,24
PCM,24,20,24,23,24,22,22,22,22,21,23,22,25,26,26,25
PCM,25,24,26,26,28,27,28,28,29,28,26,28,29,29,28,33
PCM,32,33,34,35,34,34,34,34,31,31,29,29,29,27,28,26
PCM,27,30,27,27,28,28,28,26,27,27,30,31,29,31,31,31
PCM,30,31,26,28,29,28,27,28,27,27,27,26,25,25,24,25
PCM,25,26,27,26,27,27,28,26,27,24,26,27,29,30,30,30
PCM,30,27,30,30,31,31,31,30,31,33,32,32,33,34,34,35
PCM,36,34,32,32,30,32,31,31,31,33,34,34,33,32,36,32
PCM,33,35,34,37,34,35,36,36,35,36,38,36,38,36,38,37
PCM,35,36,35,36,37,35,34,34,35,32,34,34,35,33,33,37
PCM,34,34,31,32,31,33,34,36,36,36,35,34,33,32,31,31
PCM,32,32,30,30,31,29,30,28,29,28,27,26,28,26,27,25
PCM,26,26,26,26,27,26,24,24,24,21,23,20,22,23,21,23
PCM,23,26,25,25,25,23,23,24,26,28,27,29,29,29,29,29
PCM,30,30,29,29,28,28,27,29,28,28,24,26,25,26,26,24
PCM,27,29,27,29,28,28,27,26,28,28,27,29,29,29,30,31
PCM,31,31,35,34,36,35,37,37,37,36,37,39,39,40,43,42
PCM,40,40,40,42,42,40,40,42,41,44,42,44,45,45,44,45
PCM,48,46,47,42,44,44,44,43,42,43,42,44,44,41,40,39
PCM,38,36,35,35,33,34,33,32,34,35,33,33,33,33,32,32
PCM,31,31,33,32,32,29,30,30,33,32,32,32,32,31,29,30
PCM,32,32,30,28,28,30,29,31,29,30,29,28,27,29,28,29
PCM,27,29,27,27,25,28,27,27,27,25,25,24,25,26,27,26
PCM,25,25,25,24,24,24,24,26,25,27,26,25,28,30,29,30
PCM,30,31,32,30,33,32,33,31,31,31,33,34,35,34,35,34
PCM,34,36,34,34,35,36,37,35,31,36,34,35,36,36,36,35
PCM,35,34,34,36,35,34,36,35,34,33,34,34,35,34,36,33
PCM,33,33,33,33,32,31,30,29,29,31,27,30,29,29,27,28
PCM,29,28,28,29,30,29,26,28,30,31,31,31,33,34,33,31
PCM,34,33,33,32,33,32,31,30,31,29,27,28,30,30,27,29
PCM,30,28,30,27,30,26,29,26,28,27,25,27,28,24,25,26
PCM,25,23,25,29,28,28,28,29,29,31,28,30,30,30,30,31
PCM,31,32,32,32,30,32,34,33,34,34,34,34,36,34,37,35
PCM,38,37,37,37,38,39,40,41,40,40,41,43,40,41,40,40
PCM,38,40,40,40,40,39,40,40,42,41,40,39,39,40,38,39
PCM,38,39,37,38,37,39,38,40,39,39,39,41,41,40,39,39
PCM,37,40,40,42,40,42,39,39,41,42,42,43,42,44,42,41
PCM,40,42,43,43,42,43,42,45,43,45,44,44,42,42,42,39
PCM,43,40,41,37,38,35,35,40,35,34,33,33,34,35,33,33
PCM,33,32,32,33,31,31,32,32,31,30,32,33,31,30,32,32
PCM,35,34,33,32,30,32,32,31,34,30,32,32,33,33,34,33
PCM,32,32,30,32,32,32,31,31,31,32,31,33,33,33,33,33
PCM,32,33,31,34,34,34,35,34,34,35,33,33,33,33,34,33
PCM,34,34,34,34,33,34,35,36,35,37,35,36,35,39,36,38
PCM,39,40,36,38,36,36,37,36,37,35,35,34,33,32,31,30
PCM,31,29,28,29,29,26,29,30,29,26,27,27,29,27,29,29
PCM,28,26,26,28,27,27,27,28,29,29,28,27,26,28,25,25
PCM,25,26,26,24,26,26,25,24,23,22,23,24,24,23,24,22
PCM,23,24,24,24,24,23,22,24,25,26,25,23,24,24,25,25
PCM,25,26,25,24,25,23,24,23,24,24,24,20,24,25,24,25
PCM,25,25,23,24,21,24,21,24,22,23,24,26,24,26,24,26
PCM,25,26,26,26,28,25,27,30,33,33,33,31,34,35,33,35
PCM,36,34,36,34,36,36,38,38,39,39,39,38,37,36,36,34
PCM,32,33,35,36,34,35,32,33,32,30,31,28,30,29,30,28
PCM,27,27,27,28,28,26,28,25,28,26,25,25,26,27,26,24
PCM,26,24,23,22,24,26,25,26,27,24,24,25,26,27,26,27
PCM,27,30,28,28,27,30,29,29,28,29,29,30,30,30,29,28
PCM,30,31,31,31,31,31,31,31,31,31,28,29,29,30,29,32
PCM,31,30,29,31,33,32,32,33,34,35,36,34,38,38,40,41
PCM,40,43,45,42,41,40,42,41,45,47,47,47,45,49,46,49
PCM,48,48,47,52,53,51,52,53,53,53,53,54,52,54,51,52
PCM,50,48,47,50,50,49,48,45,45,43,44,44,43,44,42,42
PCM,39,39,38,38,39,39,39,41,38,36,38,36,36,33,33,34
PCM,34,34,34,34,36,34,37,38,40,39,35,38,37,38,37,38
PCM,39,39,40,39,38,39,33,36,34,33,33,35,34,34,33,35
PCM,35,34,35,34,36,33,35,35,37,35,36,36,37,36,36,37
PCM,37,37,36,39,39,40,40,40,40,40,40,38,39,39,39,37
PCM,41,40,39,40,40,42,41,41,39,41,41,42,40,39,42,42
PCM,43,44,45,46,45,43,46,46,44,43,44,46,43,45,45,43
PCM,42,42,41,42,44,43,41,40,37,39,38,38,39,36,35,33
PCM,34,36,37,37,36,39,36,36,38,37,35,35,33,33,33,33
PCM,31,31,31,32,31,30,33,32,33,31,33,31,34,33,35,36
PCM,34,35,33,36,35,35,35,35,37,37,35,37,37,37,39,39
PCM,38,37,36,34,37,34,35,32,34,32,30,29,29,28,27,30
PCM,30,26,27,28,27,27,29,27,28,28,26,28,25,27,28,26
PCM,28,27,27,28,28,29,28,27,31,31,31,32,34,34,32,34
PCM,36,35,35,35,36,35,37,38,36,37,35,33,31,32,33,31
PCM,33,33,34,31,33,33,35,33,35,34,34,31,33,32,32,34
PCM,32,34,32,33,31,31,31,31,30,31,28,33,28,29,30,30
PCM,31,31,34,31,32,33,35,37,35,34,35,34,36,33,36,39
PCM,39,36,36,39,38,37,39,36,37,37,39,37,38,38,35,35
PCM,36,36,37,35,37,36,36,36,36,36,33,36,36,35,33,32
PCM,31,34,32,31,27,28,28,31,29,29,30,27,28,28,27,28
PCM,28,25,26,26,26,26,27,24,27,25,25,26,24,27,25,26
PCM,28,31,31,31,29,31,32,35,33,33,34,35,35,34,37,38
PCM,37,39,40,41,40,39,41,40,41,39,39,40,38,39,42,41
PCM,41,39,40,39,39,38,37,37,39,41,37,37,38,37,36,36
PCM,34,34,36,39,36,35,36,39,35,37,39,37,38,36,37,37
PCM,39,38,37,37,39,40,42,40,41,40,42,46,44,46,46,47
PCM,47,45,47,47,50,48,48,47,48,46,46,47,47,48,49,48
PCM,49,48,46,45,46,46,47,45,45,45,45,47,47,44,43,43
PCM,41,42,43,42,40,40,42,42,40,40,42,40,40,39,39,41
PCM,41,41,40,41,42,41,44,44,44,44,46,45,47,45,44,45
PCM,49,44,44,44,45,43,44,45,43,43,45,44,42,43,46,40
PCM,42,43,43,42,43,46,46,48,45,44,46,47,44,47,45,43
PCM,44,40,44,40,42,42,42,40,41,39,39,41,39,39,40,37
PCM,37,37,37,37,36,38,37,38,36,35,36,36,38,38,38,38
PCM,37,37,40,41,39,40,39,42,41,41,41,45,43,43,44,44
PCM,46,43,46,45,44,45,44,45,44,45,43,43,43,44,41,40
PCM,40,40,41,37,39,36,38,38,39,38,36,38,36,38,35,38
PCM,36,38,38,35,38,37,37,36,35,34,36,35,36,36,36,36
PCM,35,36,35,36,36,39,38,38,36,39,41,40,39,41,41,38
PCM,39,40,41,39,39,39,39,39,40,39,39,39,41,40,40,39
PCM,40,40,39,39,36,36,35,37,35,35,36,34,35,31,31,32
PCM,30,30,30,32,30,30,33,33,31,31,31,28,28,26,28,28
PCM,30,27,32,31,36,34,34,34,34,34,32,34,32,32,33,34
PCM,33,31,31,32,31,29,29,31,29,26,26,25,27,27,27,27
PCM,26,24,25,22,24,24,23,25,22,23,20,20,20,23,22,24
PCM,24,25,25,27,27,30,28,30,28,29,34,33,31,31,29,31
PCM,32,28,33,32,32,31,30,31,27,30,30,33,34,35,36,36
PCM,37,39,40,38,38,37,38,35,36,36,34,35,34,33,32,32
PCM,31,31,29,28,27,26,24,24,25,25,24,25,25,25,27,25
PCM,23,22,23,23,23,24,24,23,21,22,22,23,22,23,26,26
PCM,25,25,26,27,25,29,28,30,27,27,28,27,29,31,33,30
PCM,29,32,32,33,32,32,33,33,37,33,34,32,32,35,34,34
PCM,34,34,37,34,34,33,33,33,34,34,34,32,32,32,31,32
PCM,33,33,30,31,31,31,30,31,31,33,32,32,33,33,31,33
PCM,31,28,33,31,33,33,32,31,33,32,32,33,32,33,34,34
PCM,38,36,35,37,37,37,39,38,39,39,40,39,39,39,41,39
PCM,40,39,37,37,36,38,37,38,40,39,36,37,35,37,35,37
PCM,36,38,38,37,38,37,37,40,42,39,40,38,38,38,39,38
PCM,37,38,39,40,41,41,40,39,42,40,43,42,41,41,38,41
PCM,39,39,43,41,44,46,46,48,47,47,48,47,47,49,51,52
PCM,52,54,53,51,50,50,53,54,52,52,52,48,52,50,51,51
PCM,50,51,50,54,54,50,51,50,49,52,50,52,49,51,51,51
PCM,50,49,48,49,49,49,49,51,50,50,48,47,44,46,44,46
PCM,43,44,46,45,42,42,43,41,45,43,43,44,41,42,40,41
PCM,41,40,39,39,41,40,39,38,41,39,41,38,39,38,37,37
PCM,40,40,37,38,37,39,40,38,38,36,35,36,36,37,36,35
PCM,37,36,35,36,35,34,35,35,34,34,35,36,35,36,41,36
PCM,38,38,37,37,38,37,38,36,38,38,39,39,38,40,41,43
PCM,41,42,44,45,43,44,45,45,46,46,48,46,46,48,45,47
PCM,49,47,48,49,50,49,48,49,48,49,49,49,49,48,49,48
PCM,50,48,45,45,45,47,45,43,47,45,43,44,41,44,41,42
PCM,38,39,38,36,36,35,34,32,34,33,34,35,36,34,31,32
PCM,31,31,31,29,28,29,27,25,27,24,26,24,24,24,19,24
PCM,22,23,21,20,20,20,18,19,19,20,18,18,16,17,18,17
PCM,17,18,18,19,16,17,17,17,17,19,18,17,17,15,13,13
PCM,15,15,16,15,17,13,15,14,15,13,13,15,14,14,14,16
PCM,16,15,16,15,15,15,16,16,15,15,13,14,12,15,13,14
PCM,15,15,15,17,16,17,17,15,15,15,17,16,19,21,21,20
PCM,20,21,22,22,23,21,24,23,23,25,25,27,28,28,26,24
PCM,27,28,29,30,30,29,29,30,28,31,32,29,31,30,31,30
PCM,31,30,32,32,29,30,30,30,31,32,31,35,33,32,34,34
PCM,34,34,36,34,36,34,35,37,38,36,38,38,38,38,36,36
PCM,36,35,34,34,34,33,36,35,36,36,36,35,35,34,33,31
PCM,33,29,27,29,31,33,29,31,29,29,29,29,31,30,31,28
PCM,30,29,29,32,31,29,28,26,29,27,28,28,27,27,25,26
PCM,27,28,30,28,27,26,28,26,29,30,29,29,29,28,30,30
PCM,28,28,29,32,31,32,30,31,31,32,33,32,34,34,37,35
PCM,37,36,35,35,35,36,38,37,40,41,41,41,43,44,45,45
PCM,44,46,47,46,46,46,48,48,48,47,47,49,48,47,49,48
PCM,52,52,53,52,54,53,52,54,53,53,53,52,52,50,50,51
PCM,51,50,48,48,47,46,44,44,43,44,46,45,45,43,43,42
PCM,42,39,42,40,40,39,40,40,41,42,39,42,42,42,44,43
PCM,44,43,43,42,39,43,41,43,42,42,43,41,40,42,40,39
PCM,39,38,41,39,42,41,39,43,41,38,40,41,40,39,42,42
PCM,41,43,40,40,40,39,39,39,38,38,37,36,36,35,37,38
PCM,37,38,36,37,37,35,37,37,33,37,36,35,34,35,37,38
PCM,37,39,37,41,39,37,37,37,39,39,39,39,38,39,40,41
PCM,38,40,38,39,39,37,39,37,38,37,36,38,35,38,37,39
PCM,34,34,33,34,32,32,30,30,28,27,27,24,25,24,24,25
PCM,24,24,22,24,20,20,17,17,17,17,15,17,16,17,16,17
PCM,17,17,18,18,18,17,14,18,20,19,22,19,21,20,21,22
PCM,26,24,25,27,28,29,29,29,29,30,29,28,29,29,28,27
PCM,30,30,31,29,31,34,31,29,32,33,33,32,31,34,32,33
PCM,34,35,34,34,31,34,34,34,32,32,32,31,31,30,31,33
PCM,32,32,33,33,30,34,31,34,32,31,33,32,33,33,35,38
PCM,35,35,36,35,36,36,37,32,31,33,32,34,33,30,32,28
PCM,29,28,28,29,28,27,26,28,27,27,25,25,25,23,24,25
PCM,26,25,23,24,22,19,21,19,20,19,22,20,20,20,18,18
PCM,15,18,16,17,15,18,18,20,17,18,16,17,17,17,17,18
PCM,18,21,19,18,20,22,24,23,23,23,20,21,22,25,24,25
PCM,27,28,26,28,26,28,30,28,30,29,31,32,33,32,32,33
PCM,35,33,34,35,35,35,32,34,37,37,37,37,40,38,38,40
PCM,41,41,41,42,39,40,41,39,39,41,40,40,38,40,38,37
PCM,41,39,40,38,40,38,38,37,37,39,37,39,40,39,40,39
PCM,41,44,40,38,38,38,40,38,40,40,37,37,36,38,36,35
PCM,36,36,34,35,35,33,32,32,31,33,30,32,30,28,29,27
PCM,26,28,27,27,27,28,27,24,24,23,22,23,24,22,22,25
PCM,24,24,25,27,23,23,23,26,27,27,28,28,28,27,26,26
PCM,26,22,25,23,27,25,24,26,25,26,27,28,28,28,29,30
PCM,29,30,29,29,33,34,35,33,37,36,36,37,35,38,37,39
PCM,41,41,43,44,44,44,46,46,46,47,47,47,47,48,47,47
PCM,48,47,47,47,46,48,45,46,44,45,43,43,43,43,41,42
PCM,40,41,43,44,42,42,44,41,42,41,42,40,40,41,40,41
PCM,41,39,38,38,37,37,39,39,38,37,36,36,37,35,34,37
PCM,36,36,36,36,35,36,36,36,36,37,36,37,35,36,35,36
PCM,35,34,33,31,34,32,31,33,33,33,31,31,34,33,34,34
PCM,36,36,34,35,33,33,33,35,33,33,31,34,33,33,34,34
PCM,36,38,33,34,34,34,34,34,38,37,37,35,36,39,39,37
PCM,36,34,37,35,35,35,34,33,35,35,35,32,33,32,31,31
PCM,32,31,32,33,30,29,30,33,30,29,29,29,30,30,28,30
PCM,28,26,27,26,27,25,24,25,25,26,24,22,22,20,21,21
PCM,21,19,19,20,20,19,18,17,16,18,18,17,15,18,15,15
PCM,14,15,11,13,12,15,15,15,14,11,13,13,13,12,14,9
PCM,11,11,11,10,13,12,14,11,12,12,16,15,17,15,15,16
PCM,13,15,15,18,15,14,15,17,18,16,18,18,17,16,18,20
PCM,20,18,18,18,19,18,18,20,21,21,20,24,25,23,23,23
PCM,25,23,21,23,22,21,21,24,29,27,25,26,28,27,28,28
PCM,29,28,27,27,26,28,28,32,25,30,27,29,30,30,29,29
PCM,30,29,30,31,29,31,33,34,34,31,33,35,32,32,30,30
PCM,31,32,32,30,31,29,30,31,32,33,32,33,32,34,31,33
PCM,31,32,31,32,29,29,30,29,31,30,29,28,29,29,29,27
PCM,27,29,28,28,28,27,26,28,29,28,29,26,26,25,26,26
PCM,27,26,24,23,25,25,25,26,23,24,22,23,24,24,22,22
PCM,24,22,21,21,21,23,22,23,24,20,21,22,25,24,23,22
PCM,24,26,23,26,27,28,27,26,29,27,28,29,26,29,28,28
PCM,28,29,31,30,29,28,29,30,30,30,33,32,32,32,31,29
PCM,28,31,29,29,28,30,30,31,32,32,31,34,32,34,35,32
PCM,31,33,37,36,38,35,36,35,37,35,39,40,37,34,36,38
PCM,36,34,32,31,30,30,30,31,30,28,27,29,29,28,27,26
PCM,28,27,27,25,27,26,25,24,23,22,21,22,24,21,23,18
PCM,19,21,21,21,19,21,20,18,19,20,21,17,16,19,18,19
PCM,17,18,20,18,18,21,21,21,23,22,22,22,23,22,25,25
PCM,23,21,23,26,24,23,26,26,25,25,27,26,26,26,25,28
PCM,28,28,27,29,30,27,28,28,30,27,29,30,28,28,28,29
PCM,29,28,30,28,27,30,30,31,31,32,29,29,30,33,31,31
PCM,29,28,29,29,27,29,30,30,29,30,34,32,32,30,30,30
PCM,29,29,28,28,28,29,26,25,24,23,26,27,28,30,28,25
PCM,28,26,27,25,25,24,26,26,25,25,25,25,25,24,23,22
PCM,22,21,22,19,20,21,19,21,21,21,25,25,24,23,24,24
PCM,26,24,24,26,25,25,25,25,23,25,25,24,23,24,27,27
PCM,24,24,22,23,23,22,21,22,22,20,22,21,21,21,20,21
PCM,18,21,20,20,23,21,22,21,22,27,23,24,24,23,25,24
PCM,22,21,22,22,22,22,23,24,24,23,25,24,26,22,25,24
PCM,21,22,21,22,22,24,24,24,24,23,24,25,27,24,26,26
PCM,26,27,28,28,25,25,23,25,24,26,25,27,23,22,24,26
PCM,26,23,23,22,23,22,20,21,21,20,21,20,21,21,18,20
PCM,21,20,21,18,20,20,19,18,20,22,20,20,19,19,18,19
PCM,21,19,20,19,19,20,17,16,15,17,18,17,19,17,18,18
PCM,17,21,21,21,22,22,25,26,26,27,27,29,25,27,27,27
PCM,28,29,30,29,29,29,29,29,29,27,26,27,27,30,29,31
PCM,31,30,33,33,32,34,32,33,35,31,33,32,35,35,33,32
PCM,32,33,33,33,35,34,34,35,33,31,33,34,31,33,32,33
PCM,30,30,27,29,29,27,27,26,30,27,29,28,26,26,27,28
PCM,25,26,26,31,30,30,30,29,34,32,27,27,30,26,26,25
PCM,25,25,25,21,21,23,21,25,21,20,22,21,23,20,22,21
PCM,22,23,23,22,20,22,24,26,25,23,25,24,26,26,24,25
PCM,25,23,23,21,23,24,26,27,25,26,26,28,28,26,27,29
PCM,28,30,29,31,32,29,32,29,33,31,33,35,36,35,34,35
PCM,35,37,36,37,36,34,37,34,35,34,35,36,35,35,33,33
PCM,31,32,32,30,27,29,32,31,30,31,32,32,32,30,30,31
PCM,31,29,28,30,29,27,29,29,29,29,29,28,29,29,26,26
PCM,25,27,24,23,25,24,24,21,22,22,23,22,20,19,20,19
PCM,21,19,18,17,17,17,17,19,17,14,15,15,12,14,14,15
PCM,13,14,14,13,16,15,15,15,14,15,13,14,13,11,11,11
PCM,13,11,11,11,11,11,9,10,13,13,11,10,10,7,9,8
PCM,11,11,9,9,11,10,9,10,10,12,12,11,12,12,12,11
PCM,11,12,16,15,16,15,15,13,13,14,15,15,15,19,17,20
PCM,20,18,18,20,16,18,18,18,17,17,16,18,17,19,19,20
PCM,23,21,25,21,23,22,23,21,22,21,23,21,23,20,17,20
PCM,18,21,19,19,19,22,18,19,21,22,22,21,22,21,21,22
PCM,19,20,20,20,20,19,16,19,18,19,15,19,17,17,17,15
PCM,14,12,13,15,16,14,16,15,16,13,13,11,11,15,13,14
PCM,14,16,14,15,16,14,13,14,15,15,15,17,17,16,17,16
PCM,19,16,16,18,16,18,17,17,14,17,15,15,15,13,16,15
PCM,14,14,13,15,17,16,15,15,15,15,17,17,22,21,21,22
PCM,23,24,23,23,22,24,23,22,24,25,24,23,23,22,21,20
PCM,22,23,22,24,20,20,20,23,22,22,23,23,22,24,23,22
PCM,25,23,24,23,23,21,23,23,22,24,23,24,21,23,24,22
PCM,23,22,23,23,23,23,25,25,24,22,24,24,23,21,21,23
PCM,21,23,22,24,23,21,23,24,21,20,20,21,20,20,20,19
PCM,20,19,21,20,19,19,17,18,19,19,16,17,19,19,19,20
PCM,20,19,19,20,19,19,17,19,19,19,18,18,17,17,15,15
PCM,18,19,16,17,18,19,21,17,16,19,17,19,19,18,19,19
PCM,20,18,18,16,16,18,18,17,17,15,17,14,18,18,20,18
PCM,19,17,18,16,17,18,18,19,19,21,19,21,20,22,26,26
PCM,25,28,34,48,61,61,58,60,64,66,73,81,85,75,69,65
PCM,62,62,62,53,41,34,33,32,25,21,16,7,5,-3,-11,-18
PCM,-23,-28,-34,-35,-36,-42,-48,-53,-49,-42,-41,-39,-44,-44,-38,-29
PCM,-21,-14,-14,-14,-9,-4,3,9,14,11,11,14,23,26,27,25
PCM,27,31,34,39,36,37,35,35,37,36,32,30,27,25,25,25
PCM,29,22,23,23,25,31,31,31,27,28,31,35,41,37,36,35
PCM,36,37,37,38,35,33,32,33,33,35,38,32,33,34,36,35
PCM,33,34,32,32,30,31,28,24,24,25,29,25,21,15,17,15
PCM,18,18,16,12,7,8,9,5,0,-3,-5,-5,-9,-8,-9,-12
PCM,-13,-13,-12,-12,-13,-15,-20,-19,-19,-17,-17,-26,-28,-30,-25,-23
PCM,-24,-25,-26,-25,-25,-18,-17,-17,-18,-13,-11,-7,-2,0,3,-1
PCM,3,7,8,10,11,15,19,20,24,26,30,31,31,36,38,42
PCM,43,44,45,48,50,51,51,51,51,54,54,56,53,51,51,53
PCM,51,50,48,48,46,41,39,39,39,38,36,38,36,35,33,31
PCM,29,25,22,21,22,22,21,20,20,18,17,14,15,15,15,12
PCM,11,8,3,0,-4,-8,-11,-17,-20,-25,-28,-34,-40,-42,-49,-54
PCM,-58,-63,-71,-80,-88,-92,-101,-107,-115,-119,-124,-120,-116,-107,-98,-94
PCM,-83,-64,-41,-24,-9,6,20,31,37,46,59,68,69,66,67,68
PCM,68,68,65,60,56,56,56,48,41,38,36,34,30,26,23,20
PCM,18,17,19,20,17,12,15,19,23,27,27,26,26,28,31,33
PCM,34,35,32,36,34,35,34,34,33,30,32,36,35,35,34,35
PCM,37,42,43,41,41,40,43,44,42,42,37,38,36,36,39,41
PCM,40,37,35,36,38,40,35,33,32,32,32,31,29,25,21,19
PCM,21,17,14,11,11,7,7,4,2,0,-2,-5,-5,-7,-8,-9
PCM,-13,-5,-4,-7,-8,-10,-9,-7,-1,3,0,3,3,3,4,4
PCM,6,3,-1,-1,-2,2,3,3,0,-1,0,-1,1,1,0,0
PCM,0,2,3,2,2,0,0,-2,-4,-6,-11,-14,-18,-18,-20,-25
PCM,-30,-37,-38,-41,-41,-33,-28,-25,-31,-36,-39,-38,-31,-23,-19,-18
PCM,-24,-27,-29,-24,-18,-18,-13,-14,-10,-4,1,10,14,21,24,31
PCM,31,32,34,36,41,42,40,40,35,32,30,34,35,32,26,23
PCM,17,17,19,19,16,10,8,9,8,6,5,5,2,1,0,2
PCM,3,2,4,6,9,11,12,16,16,20,22,23,26,24,26,29
PCM,34,38,39,43,46,50,56,59,66,66,72,74,78,83,85,85
PCM,85,83,83,78,75,74,69,65,59,57,52,48,48,48,48,46
PCM,44,42,37,35,35,33,32,29,25,18,15,14,10,8,0,-5
PCM,-9,-10,-15,-17,-23,-28,-31,-38,-42,-44,-45,-48,-54,-59,-63,-66
PCM,-72,-76,-82,-88,-90,-92,-97,-104,-107,-110,-110,-111,-115,-117,-119,-119
PCM,-114,-109,-96,-87,-79,-66,-52,-36,-25,-10,4,14,21,35,46,54
PCM,60,62,68,69,69,72,68,68,67,65,70,65,62,60,60,59
PCM,55,52,49,46,41,40,36,36,35,32,29,29,32,31,31,29
PCM,32,36,36,39,42,43,42,43,44,47,50,54,54,56,59,58
PCM,59,58,64,66,69,73,73,76,76,77,74,74,74,71,70,68
PCM,68,65,62,62,59,56,53,48,46,39,41,41,37,35,36,33
PCM,29,30,25,24,20,17,11,6,6,1,-3,-8,-10,-17,-20,-25
PCM,-29,-31,-36,-42,-46,-45,-45,-47,-49,-52,-51,-54,-54,-53,-59,-58
PCM,-58,-61,-63,-66,-68,-70,-72,-74,-80,-79,-86,-91,-99,-100,-101,-102
PCM,-102,-103,-107,-105,-105,-103,-99,-93,-82,-71,-57,-44,-27,-12,7,21
PCM,39,51,66,73,84,93,101,108,110,114,117,120,118,116,114,117
PCM,111,105,101,94,88,78,70,59,50,37,27,21,11,-1,-11,-15
PCM,-22,-28,-32,-30,-30,-31,-30,-25,-21,-18,-12,-7,-3,3,7,12
PCM,18,21,23,29,32,33,35,38,43,44,44,44,47,49,45,45
PCM,46,43,42,38,35,26,22,21,14,15,12,9,5,2,5,5
PCM,1,2,-1,0,1,5,3,2,1,1,-3,-5,-8,-10,-15,-16
PCM,-17,-20,-22,-25,-28,-32,-30,-33,-37,-40,-44,-46,-47,-49,-48,-49
PCM,-49,-48,-50,-45,-46,-43,-45,-43,-44,-44,-46,-49,-54,-59,-59,-60
PCM,-66,-73,-78,-84,-90,-94,-93,-101,-106,-112,-114,-115,-116,-118,-115,-113
PCM,-109,-102,-92,-80,-67,-53,-39,-27,-13,3,20,36,53,64,78,85
PCM,94,99,104,111,112,112,111,105,101,97,89,81,71,60,50,38
PCM,26,18,6,-8,-17,-29,-36,-42,-48,-53,-55,-58,-59,-57,-50,-44
PCM,-36,-30,-23,-17,-11,-4,6,17,26,36,46,53,60,67,71,72
PCM,79,80,83,82,85,85,81,82,75,70,64,60,52,45,38,34
PCM,30,25,19,17,17,14,15,17,17,18,21,20,24,30,32,30
PCM,31,34,33,34,33,32,27,24,20,17,13,10,3,-4,-7,-14
PCM,-18,-21,-26,-33,-41,-41,-45,-48,-51,-52,-54,-56,-56,-57,-56,-56
PCM,-55,-56,-54,-56,-56,-55,-56,-55,-59,-63,-70,-74,-76,-82,-84,-89
PCM,-90,-93,-92,-91,-96,-96,-94,-90,-86,-79,-75,-68,-56,-42,-29,-13
PCM,7,18,32,52,69,85,102,113,123,129,143,149,155,155,153,150
PCM,145,141,131,121,111,95,83,67,50,33,15,-1,-17,-28,-40,-54
PCM,-62,-68,-74,-75,-75,-71,-71,-64,-60,-46,-29,-20,-6,5,20,35
PCM,48,63,74,87,99,104,114,119,125,125,127,126,122,116,110,102
PCM,97,87,76,65,50,37,26,14,2,-5,-9,-17,-21,-27,-28,-29
PCM,-26,-22,-20,-11,-8,0,8,17,20,27,32,38,37,38,36,37
PCM,38,35,30,22,17,5,-1,-11,-16,-23,-33,-42,-51,-61,-65,-68
PCM,-77,-84,-87,-85,-84,-84,-83,-82,-79,-78,-76,-75,-69,-63,-63,-64
PCM,-63,-61,-62,-65,-68,-74,-75,-80,-81,-83,-87,-87,-86,-90,-90,-86
PCM,-80,-74,-70,-60,-54,-42,-33,-14,5,24,40,55,74,92,108,123
PCM,133,142,150,156,157,154,152,146,137,129,107,92,75,58,38,14
PCM,1,-18,-38,-55,-75,-85,-94,-103,-106,-109,-110,-110,-104,-90,-79,-65
PCM,-50,-34,-22,-1,18,35,55,65,80,91,99,107,116,119,121,117
PCM,114,105,99,90,79,69,53,44,29,17,5,-8,-15,-22,-31,-40
PCM,-42,-43,-48,-44,-43,-38,-30,-27,-15,-12,-1,8,16,28,35,41
PCM,50,55,58,58,58,55,49,41,31,25,14,2,-13,-25,-32,-49
PCM,-58,-71,-83,-91,-103,-108,-113,-115,-115,-117,-114,-114,-108,-101,-94,-86
PCM,-82,-74,-68,-63,-54,-50,-43,-41,-39,-41,-42,-47,-49,-57,-64,-71
PCM,-78,-86,-93,-98,-103,-107,-109,-110,-104,-96,-87,-77,-66,-52,-38,-24
PCM,-8,7,27,45,69,86,95,105,112,126,124,124,121,121,112,101
PCM,91,73,55,42,22,-6,-22,-39,-52,-70,-85,-93,-98,-99,-106,-103
PCM,-98,-90,-77,-67,-54,-40,-22,-5,9,26,44,59,70,78,93,96
PCM,106,107,106,110,101,97,92,81,74,58,50,36,22,16,3,-4
PCM,-14,-19,-20,-25,-20,-17,-12,0,2,21,28,40,48,59,68,73
PCM,81,84,89,95,93,91,88,85,78,70,61,49,40,30,12,2
PCM,-7,-18,-30,-41,-48,-59,-65,-70,-71,-75,-74,-70,-70,-68,-68,-60
PCM,-55,-54,-49,-42,-35,-31,-30,-29,-30,-30,-29,-32,-39,-47,-50,-55
PCM,-65,-71,-77,-80,-90,-97,-98,-99,-94,-93,-92,-88,-81,-71,-64,-56
PCM,-44,-29,-15,-4,8,26,48,60,71,78,87,90,96,99,107,112
PCM,109,99,90,86,77,68,59,48,44,35,23,13,5,-1,-1,-7
PCM,-13,-21,-12,-15,-16,-14,-12,-5,-4,4,10,12,26,33,35,43
PCM,50,62,62,65,71,71,80,73,71,71,66,69,61,60,52,53
PCM,51,39,44,30,36,30,25,25,16,26,24,27,32,30,41,38
PCM,39,44,44,54,49,50,52,46,50,44,45,40,37,39,28,34
PCM,29,28,28,25,24,12,12,8,-3,-9,-16,-18,-27,-35,-39,-51
PCM,-57,-62,-64,-70,-76,-72,-74,-73,-74,-71,-69,-69,-62,-61,-62,-63
PCM,-62,-59,-60,-67,-72,-77,-82,-86,-94,-99,-102,-104,-104,-96,-77,-65
PCM,-60,-60,-48,-44,-43,-36,-18,-12,-13,0,-8,-17,-15,-7,-8,-14
PCM,-4,0,-3,2,12,13,12,19,26,34,33,37,42,44,42,39
PCM,36,34,31,23,17,5,3,-7,-17,-21,-23,-21,-18,-15,-16,-8
PCM,0,6,13,18,27,31,36,40,39,37,41,37,33,20,18,23
PCM,19,14,10,19,14,11,15,17,16,17,27,23,21,22,28,24
PCM,12,14,16,17,13,18,23,25,27,34,39,35,40,47,49,46
PCM,53,48,46,40,40,36,26,14,8,2,-9,-17,-22,-26,-34,-39
PCM,-38,-39,-42,-41,-40,-35,-39,-38,-39,-40,-42,-45,-46,-55,-60,-64
PCM,-65,-67,-71,-70,-70,-68,-64,-58,-55,-54,-56,-54,-57,-63,-75,-81
PCM,-88,-101,-111,-124,-136,-145,-151,-145,-152,-150,-135,-119,-105,-96,-76,-59
PCM,-46,-34,-20,-11,-8,3,12,19,16,22,32,34,32,32,35,39
PCM,50,56,54,50,50,48,39,25,17,9,-5,-18,-30,-40,-50,-48
PCM,-55,-52,-43,-35,-19,-10,2,13,31,44,43,47,53,57,55,44
PCM,39,36,36,33,32,28,34,44,44,43,48,56,62,57,56,55
PCM,50,42,29,20,11,8,1,-5,-4,0,9,15,22,34,48,63
PCM,69,72,82,86,81,74,70,68,56,46,39,34,32,28,25,18
PCM,24,28,26,21,22,21,17,9,0,-8,-14,-17,-25,-36,-38,-33
PCM,-34,-38,-39,-33,-27,-24,-20,-18,-15,-16,-22,-27,-30,-38,-46,-52
PCM,-58,-59,-58,-61,-69,-76,-73,-79,-90,-95,-103,-106,-114,-111,-116,-131
PCM,-128,-130,-124,-119,-107,-89,-83,-59,-44,-22,-14,-6,13,21,44,45
PCM,43,47,53,66,53,50,51,64,78,77,73,70,82,86,75,59
PCM,43,40,27,6,-12,-28,-29,-31,-41,-40,-30,-16,-4,4,18,30
PCM,51,54,49,53,59,67,60,53,53,54,59,61,55,60,75,82
PCM,81,73,78,76,72,60,45,40,34,27,10,0,6,12,7,3
PCM,11,18,26,32,31,33,41,49,45,38,48,56,56,60,67,72
PCM,75,77,72,66,69,67,58,47,40,34,28,20,15,4,6,4
PCM,0,-4,-4,-5,-10,-16,-19,-22,-26,-31,-28,-32,-33,-31,-30,-26
PCM,-23,-16,-18,-16,-12,-17,-26,-38,-47,-53,-51,-55,-65,-68,-67,-62
PCM,-63,-65,-76,-88,-99,-122,-141,-156,-165,-179,-193,-192,-175,-149,-129,-108
PCM,-80,-47,-13,2,12,22,40,47,42,33,29,39,38,43,41,61
PCM,90,100,97,91,102,99,80,47,19,-4,-25,-44,-79,-92,-89,-75
PCM,-75,-72,-52,-31,-15,-5,-1,-1,7,8,-6,-20,-13,1,2,5
PCM,11,35,55,65,66,69,77,78,67,47,32,27,16,5,-4,-9
PCM,-4,-3,1,-6,-5,0,-9,-15,-19,-19,-27,-35,-33,-33,-20,-12
PCM,1,11,25,46,65,70,65,64,70,69,55,42,29,25,22,23
PCM,16,18,26,26,26,17,15,11,1,-14,-30,-34,-42,-56,-62,-65
PCM,-57,-46,-38,-37,-29,-15,-6,-2,-10,-22,-28,-30,-39,-48,-50,-50
PCM,-48,-42,-37,-37,-37,-39,-46,-52,-59,-72,-87,-98,-112,-130,-152,-169
PCM,-166,-165,-167,-173,-176,-165,-165,-147,-133,-122,-100,-80,-59,-49,-23,-3
PCM,12,30,44,55,59,64,63,68,88,111,117,97,80,90,96,78
PCM,50,22,9,2,-9,-37,-69,-63,-59,-60,-66,-63,-56,-46,-37,-36
PCM,-23,-14,-11,-20,-22,-9,6,17,11,9,35,50,57,57,59,68
PCM,71,66,52,37,42,30,24,19,14,8,6,7,1,5,5,-4
PCM,-18,-22,-24,-23,-28,-30,-16,2,8,11,36,52,62,69,68,68
PCM,64,66,53,47,54,58,60,52,57,69,77,71,53,43,39,29
PCM,21,4,-8,-7,-7,-10,-16,-10,-3,-3,-8,-14,-15,-18,-23,-31
PCM,-36,-30,-24,-20,-13,-7,3,15,25,19,6,5,2,-12,-31,-41
PCM,-50,-52,-53,-57,-63,-65,-55,-54,-64,-79,-85,-97,-112,-135,-153,-167
PCM,-168,-164,-169,-149,-121,-82,-62,-41,-26,-1,30,40,53,45,61,59
PCM,56,59,69,98,99,109,116,131,126,114,83,54,44,34,9,-30
PCM,-36,-36,-33,-31,-28,-34,-25,-14,-26,-28,-29,-23,-32,-35,-37,-25
PCM,-4,8,10,30,54,61,68,62,55,60,62,52,36,48,45,41
PCM,42,39,43,45,47,24,18,20,3,-12,-21,-23,-23,-22,-24,-21
PCM,-2,11,11,18,32,38,44,46,40,34,55,63,54,57,58,59
PCM,64,69,56,50,59,47,35,29,22,20,18,19,16,19,18,4
PCM,-2,2,-6,-14,-19,-31,-40,-45,-41,-43,-31,-21,-19,-19,-8,9
PCM,13,19,10,2,3,5,-4,-17,-20,-26,-33,-29,-31,-43,-47,-51
PCM,-65,-81,-90,-98,-108,-107,-106,-109,-111,-115,-118,-111,-117,-135,-164,-159
PCM,-156,-130,-122,-129,-116,-90,-38,-32,-12,1,6,27,36,42,36,40
PCM,41,37,47,61,63,71,64,51,51,56,40,8,-15,-35,-46,-50
PCM,-57,-70,-61,-64,-74,-65,-54,-46,-45,-41,-47,-42,-20,-16,-23,-22
PCM,-15,-8,11,23,11,21,31,36,39,45,45,32,34,24,21,27
PCM,20,7,-1,11,9,8,12,-2,-9,-8,-4,-5,-8,-13,-19,-15
PCM,-5,1,10,23,24,29,36,42,49,50,45,40,46,52,48,45
PCM,42,32,33,37,33,23,17,12,4,9,6,-4,-14,-15,-21,-17
PCM,-9,-16,-21,-28,-35,-40,-42,-41,-45,-40,-35,-31,-24,-13,-14,-17
PCM,-17,-20,-19,-21,-26,-42,-48,-42,-39,-27,-31,-40,-49,-45,-36,-38
PCM,-43,-57,-77,-86,-89,-96,-103,-105,-113,-133,-129,-123,-108,-111,-118,-134
PCM,-152,-129,-113,-94,-85,-84,-61,-40,-20,-16,-29,-22,-6,20,35,37
PCM,37,62,88,109,117,95,83,60,44,24,4,1,-15,-28,-36,-33
PCM,-29,-27,-29,-31,-35,-30,-31,-42,-34,-28,-19,-8,-3,6,11,16
PCM,15,12,20,30,30,22,18,25,47,54,55,56,58,66,66,65
PCM,56,53,49,39,35,37,38,34,27,18,16,13,9,0,-6,-3
PCM,7,12,22,32,42,45,39,42,39,41,32,22,20,27,42,47
PCM,48,43,45,43,44,40,25,10,1,-3,-5,-4,-7,-9,-8,0
PCM,2,-1,-6,-19,-28,-33,-36,-42,-45,-39,-30,-20,-12,-12,-12,-21
PCM,-18,-18,-18,-24,-35,-39,-38,-25,-12,-4,-5,-10,-4,-8,-16,-32
PCM,-45,-47,-45,-41,-42,-47,-50,-54,-52,-51,-54,-68,-89,-92,-92,-84
PCM,-78,-80,-71,-60,-51,-59,-73,-78,-71,-67,-78,-84,-80,-47,-10,-2
PCM,-8,-10,10,27,29,11,0,2,9,9,2,6,7,22,35,39
PCM,40,36,26,5,-11,-15,-11,-4,-9,-23,-25,-9,7,5,-4,-14
PCM,-6,3,8,7,7,19,31,41,38,33,34,31,25,12,14,23
PCM,33,32,25,28,39,52,48,31,25,22,29,26,21,21,22,28
PCM,27,30,27,24,9,2,-3,2,11,10,6,4,19,33,45,43
PCM,35,25,19,21,9,3,-3,-1,10,20,24,17,15,11,9,0
PCM,0,-2,-7,-11,-20,-27,-30,-20,-14,-19,-28,-29,-25,-24,-30,-39
PCM,-49,-48,-37,-31,-33,-36,-34,-36,-34,-32,-33,-38,-41,-45,-52,-47
PCM,-39,-35,-32,-33,-36,-42,-48,-50,-63,-70,-75,-79,-79,-84,-87,-99
PCM,-100,-104,-106,-106,-106,-98,-98,-94,-89,-87,-69,-58,-36,-21,-9,-3
PCM,-1,-8,-8,-6,-2,4,-5,-16,-22,-24,-13,-11,14,29,43,44
PCM,32,35,24,19,10,-4,-1,4,3,6,-6,-7,-8,-15,-11,-21
PCM,-21,-14,-4,9,23,32,42,40,30,28,23,36,40,36,34,31
PCM,40,48,49,48,43,29,24,14,9,12,14,17,20,25,30,29
PCM,21,17,9,-1,-1,3,4,9,1,-1,3,13,23,19,15,16
PCM,18,26,30,24,19,12,16,17,18,16,11,12,12,7,0,0
PCM,1,4,0,-6,-8,-8,-13,-24,-32,-38,-36,-34,-29,-28,-33,-40
PCM,-42,-43,-41,-32,-22,-18,-19,-27,-28,-29,-18,-21,-30,-40,-39,-27
PCM,-27,-31,-38,-32,-22,-18,-32,-56,-58,-62,-55,-57,-68,-72,-63,-50
PCM,-55,-74,-90,-89,-80,-70,-71,-80,-75,-70,-60,-62,-61,-58,-54,-43
PCM,-37,-25,-21,-13,-8,-15,-16,-17,-13,-19,-21,-18,-14,-12,-10,-16
PCM,-22,-27,-25,-27,-23,-10,4,13,14,17,6,5,5,6,1,-8
PCM,-1,-2,2,5,9,14,10,12,6,2,8,19,29,31,41,46
PCM,52,56,60,54,50,48,44,40,37,45,43,49,46,41,38,33
PCM,35,23,21,29,30,36,37,38,39,38,37,32,21,24,32,39
PCM,39,33,26,19,21,22,20,13,10,7,12,14,11,7,4,9
PCM,8,2,-4,-13,-13,-15,-15,-23,-31,-35,-35,-42,-53,-62,-69,-73
PCM,-76,-78,-77,-64,-50,-42,-53,-74,-88,-105,-107,-111,-108,-105,-106,-96
PCM,-100,-92,-83,-74,-60,-56,-57,-64,-69,-58,-33,-19,-6,-4,-9,-5
PCM,-1,8,10,8,3,-5,2,13,34,49,43,42,25,9,-2,-9
PCM,-14,-8,2,8,4,-4,-4,-10,-13,-13,-23,-26,-22,-14,0,6
PCM,18,20,18,16,15,22,28,31,31,27,24,32,42,49,49,42
PCM,41,44,49,51,48,49,42,39,33,27,17,8,9,15,14,15
PCM,17,15,13,9,9,7,1,4,9,18,33,39,40,34,21,16
PCM,13,17,18,13,7,5,8,15,20,19,14,7,5,-2,-9,-12
PCM,-16,-18,-11,-12,-18,-27,-31,-26,-21,-19,-19,-24,-28,-27,-17,-17
PCM,-18,-19,-19,-21,-18,-15,-8,-4,3,-2,-8,-15,-18,-16,-14,-13
PCM,-13,-10,-9,-11,-16,-25,-31,-35,-29,-21,-20,-27,-33,-35,-37,-35
PCM,-37,-38,-42,-40,-34,-31,-32,-37,-42,-41,-35,-27,-23,-33,-43,-45
PCM,-47,-40,-39,-38,-38,-36,-27,-24,-34,-42,-51,-56,-56,-55,-54,-55
PCM,-52,-43,-36,-24,-25,-26,-31,-25,-27,-32,-33,-34,-29,-19,-11,-10
PCM,-12,-10,-11,-10,-14,-15,-15,-12,-3,4,13,16,9,3,-5,-2
PCM,-2,3,5,7,11,13,20,15,14,11,8,13,16,21,22,23
PCM,33,39,45,45,41,34,31,35,39,44,46,45,42,40,41,39
PCM,37,30,26,27,28,24,24,20,16,19,20,19,9,2,-3,-1
PCM,1,0,-6,-9,-8,-6,-4,-9,-12,-16,-14,-11,-11,-11,-16,-16
PCM,-16,-18,-23,-31,-39,-43,-43,-34,-31,-29,-35,-39,-48,-56,-63,-68
PCM,-71,-69,-74,-75,-80,-82,-81,-81,-81,-84,-83,-72,-64,-69,-77,-88
PCM,-99,-94,-82,-74,-70,-69,-61,-53,-45,-47,-52,-58,-51,-40,-26,-16
PCM,-16,-18,-15,-10,-6,-7,-10,-12,-8,1,8,9,8,9,11,16
PCM,23,24,23,20,23,24,30,29,27,32,34,35,38,40,37,36
PCM,36,36,40,45,47,47,47,46,50,54,56,53,51,52,52,54
PCM,48,43,38,38,37,40,39,35,33,32,36,37,36,27,23,19
PCM,17,19,18,18,13,10,10,9,7,3,0,-2,0,1,3,3
PCM,-1,-3,-5,-3,-4,-4,-7,-8,-9,-9,-10,-11,-15,-20,-22,-25
PCM,-23,-25,-28,-34,-34,-36,-36,-39,-40,-43,-42,-39,-39,-40,-39,-39
PCM,-41,-39,-38,-36,-37,-36,-34,-33,-33,-33,-30,-27,-24,-23,-25,-23
PCM,-26,-24,-22,-23,-23,-21,-19,-16,-17,-16,-16,-18,-17,-20,-20,-22
PCM,-20,-17,-17,-20,-17,-19,-19,-19,-19,-21,-19,-17,-15,-15,-15,-12
PCM,-11,-10,-12,-12,-15,-15,-15,-12,-9,-7,-3,-2,-3,-3,-4,-4
PCM,-4,-2,-2,-1,2,5,8,8,10,9,12,8,12,7,9,11
PCM,13,16,16,17,12,13,14,12,10,10,6,10,11,16,15,16
PCM,15,13,15,10,12,10,11,11,10,9,10,10,12,9,11,9
PCM,8,10,15,15,14,15,12,12,12,10,14,12,12,13,10,13
PCM,12,11,13,8,11,7,7,5,2,0,1,3,-2,-3,-3,-9
PCM,-9,-7,-9,-11,-13,-13,-16,-14,-14,-17,-18,-19,-22,-26,-24,-24
PCM,-29,-31,-30,-30,-31,-33,-34,-40,-41,-40,-39,-42,-48,-52,-53,-51
PCM,-47,-48,-52,-54,-58,-59,-61,-59,-59,-56,-57,-55,-50,-48,-43,-45
PCM,-48,-48,-45,-39,-39,-36,-37,-38,-34,-30,-26,-26,-26,-24,-23,-20
PCM,-15,-10,-8,-7,-5,-3,-6,-1,-2,-1,1,8,13,15,18,17
PCM,21,22,24,27,27,25,26,28,31,36,40,38,35,35,33,33
PCM,32,31,32,32,33,31,31,29,28,27,24,24,20,17,17,17
PCM,21,19,17,10,4,3,5,6,3,5,5,3,1,-1,-2,-5
PCM,-10,-12,-15,-15,-17,-22,-22,-25,-28,-34,-35,-35,-40,-44,-48,-47
PCM,-50,-48,-46,-49,-54,-55,-59,-61,-65,-69,-70,-70,-67,-68,-73,-78
PCM,-78,-80,-81,-78,-81,-85,-90,-89,-84,-79,-74,-75,-79,-87,-88,-87
PCM,-84,-77,-75,-71,-70,-71,-66,-71,-69,-66,-60,-54,-49,-42,-40,-37
PCM,-33,-24,-17,-13,-13,-6,-2,10,21,29,33,31,35,36,47,54
PCM,59,62,63,67,69,72,74,70,69,64,63,65,61,63,54,53
PCM,49,44,42,33,31,23,22,25,24,24,17,15,15,16,16,15
PCM,11,10,12,15,17,22,20,18,20,17,21,18,15,11,9,11
PCM,11,9,7,5,4,-2,-3,-6,-8,-9,-11,-15,-18,-18,-19,-20
PCM,-18,-17,-18,-17,-19,-17,-15,-16,-17,-15,-14,-12,-15,-10,-10,-6
PCM,-5,-4,-4,-2,-4,-7,-7,-6,-9,-10,-10,-12,-13,-12,-14,-13
PCM,-15,-12,-15,-15,-16,-15,-14,-11,-11,-12,-15,-16,-14,-9,-9,-8
PCM,-9,-7,-8,-8,-7,-4,-5,-6,-3,-2,-1,-2,-2,-1,-6,-5
PCM,-8,-6,-9,-13,-14,-17,-17,-17,-21,-22,-27,-27,-27,-24,-24,-27
PCM,-29,-30,-32,-25,-27,-25,-24,-22,-18,-20,-15,-18,-18,-16,-16,-11
PCM,-7,-4,-2,-2,0,1,2,10,5,6,2,4,5,5,5,5
PCM,-1,1,-5,-5,-6,-5,-6,-7,-6,-7,-9,-6,-8,-6,-7,-7
PCM,-7,-5,-3,-3,1,8,9,11,8,7,12,9,15,15,16,19
PCM,19,23,22,23,24,20,21,24,24,25,24,29,26,23,22,17
PCM,18,17,18,17,17,15,10,8,11,8,10,6,1,-3,-9,-10
PCM,-10,-9,-6,-8,-12,-18,-20,-20,-24,-24,-23,-22,-21,-23,-27,-32
PCM,-36,-35,-38,-36,-44,-45,-48,-48,-46,-50,-51,-53,-58,-61,-63,-64
PCM,-62,-61,-60,-58,-61,-63,-67,-65,-64,-64,-62,-61,-60,-56,-59,-59
PCM,-58,-57,-56,-51,-46,-44,-40,-36,-36,-30,-29,-26,-24,-20,-16,-16
PCM,-6,2,6,10,8,9,11,15,24,28,31,33,33,34,39,42
PCM,44,42,43,40,39,41,44,45,42,40,40,37,35,36,35,35
PCM,34,38,37,35,35,35,37,37,37,34,32,31,33,32,34,35
PCM,31,28,24,23,22,23,24,21,21,20,19,16,17,12,11,7
PCM,6,2,1,0,-1,-6,-6,-9,-10,-17,-18,-17,-19,-18,-24,-25
PCM,-29,-31,-31,-29,-33,-35,-39,-42,-40,-38,-39,-42,-48,-52,-56,-57
PCM,-59,-59,-59,-62,-65,-66,-69,-70,-74,-72,-70,-72,-75,-76,-77,-76
PCM,-79,-79,-80,-83,-82,-80,-74,-72,-71,-69,-72,-73,-71,-64,-56,-51
PCM,-47,-45,-45,-41,-40,-31,-28,-26,-21,-22,-15,-13,-6,5,5,12
PCM,12,15,20,21,32,35,42,44,41,42,39,40,45,47,49,45
PCM,50,44,41,43,44,46,40,38,33,29,31,28,28,27,24,24
PCM,17,15,15,14,14,10,6,7,6,7,12,10,9,4,0,2
PCM,2,6,7,3,4,0,1,4,1,5,1,0,-5,-2,-1,0
PCM,1,1,-1,-2,-3,-6,-12,-7,-7,-8,-7,-10,-12,-16,-16,-12
PCM,-15,-11,-15,-15,-16,-13,-11,-14,-17,-19,-20,-21,-23,-21,-22,-25
PCM,-23,-24,-25,-24,-28,-29,-31,-33,-30,-33,-34,-33,-31,-30,-33,-33
PCM,-36,-37,-36,-36,-31,-27,-28,-29,-30,-31,-29,-25,-22,-23,-25,-27
PCM,-28,-27,-26,-23,-25,-24,-28,-28,-29,-28,-28,-28,-29,-25,-23,-24
PCM,-26,-28,-27,-28,-24,-25,-26,-22,-19,-20,-19,-17,-10,-9,-8,-8
PCM,-6,-1,4,11,13,12,15,14,13,17,17,18,15,18,15,15
PCM,14,17,17,16,16,17,17,16,16,13,15,17,18,15,12,9
PCM,11,13,16,19,18,18,17,20,23,24,25,26,26,28,27,29
PCM,33,31,33,33,34,32,31,34,30,31,29,26,25,25,24,22
PCM,23,22,18,18,12,11,10,7,9,3,3,2,2,1,-1,-6
PCM,-8,-12,-11,-10,-8,-8,-9,-12,-16,-18,-17,-20,-22,-23,-24,-26
PCM,-24,-26,-30,-36,-39,-43,-45,-46,-48,-46,-43,-43,-42,-49,-54,-55
PCM,-54,-48,-47,-45,-50,-52,-52,-49,-41,-39,-42,-45,-47,-44,-37,-32
PCM,-31,-33,-34,-35,-33,-29,-27,-26,-25,-23,-18,-22,-20,-22,-22,-22
PCM,-20,-17,-15,-16,-16,-15,-10,-5,-3,1,-1,-1,1,10,15,18
PCM,16,14,14,22,29,32,32,33,33,35,40,43,46,46,45,45
PCM,44,44,44,41,37,38,39,35,36,37,34,33,31,28,21,19
PCM,20,23,21,26,24,16,12,10,8,7,8,8,6,6,2,0
PCM,0,-1,-2,-7,-6,-6,-8,-10,-11,-13,-16,-17,-21,-25,-26,-30
PCM,-26,-29,-30,-30,-32,-36,-38,-38,-38,-40,-43,-48,-49,-47,-45,-41
PCM,-43,-44,-46,-48,-47,-46,-45,-45,-42,-42,-42,-41,-45,-46,-44,-44
PCM,-42,-41,-41,-44,-41,-42,-37,-38,-40,-41,-41,-41,-38,-39,-39,-39
PCM,-38,-34,-33,-31,-32,-30,-34,-31,-30,-27,-25,-21,-24,-23,-20,-16
PCM,-16,-14,-13,-13,-10,-10,-10,-6,-7,-4,-1,-1,0,-2,2,4
PCM,6,5,5,9,8,7,6,6,8,9,10,12,12,14,13,13
PCM,15,13,13,13,15,15,18,19,19,17,16,15,18,16,14,13
PCM,11,8,8,10,8,8,5,2,0,-2,-5,-8,-8,-10,-8,-10
PCM,-10,-10,-13,-12,-14,-14,-16,-15,-15,-12,-10,-9,-8,-10,-13,-14
PCM,-14,-10,-9,-8,-8,-7,-7,-8,-7,-7,-8,-10,-13,-12,-10,-12
PCM,-14,-14,-16,-17,-22,-20,-20,-16,-15,-13,-15,-11,-12,-14,-14,-12
PCM,-12,-9,-10,-11,-11,-11,-13,-10,-10,-12,-13,-16,-10,-9,-7,-6
PCM,-6,-4,-9,-9,-9,-11,-11,-14,-15,-15,-13,-15,-16,-18,-17,-18
PCM,-16,-19,-18,-20,-19,-18,-19,-18,-21,-23,-23,-20,-21,-19,-20,-24
PCM,-22,-21,-19,-19,-16,-15,-16,-16,-14,-14,-14,-15,-14,-12,-13,-8
PCM,-11,-12,-12,-12,-12,-9,-8,-7,-3,-7,-7,-8,-7,-4,-4,-2
PCM,-3,-2,1,3,3,5,9,6,9,9,6,12,9,11,10,12
PCM,13,15,15,15,13,10,12,12,11,10,13,15,14,15,18,19
PCM,20,22,22,21,22,18,19,22,22,26,22,21,22,20,21,23
PCM,21,23,22,19,21,20,18,21,19,19,16,20,19,20,18,15
PCM,11,12,11,10,9,6,6,4,3,3,1,-1,-4,-7,-8,-10
PCM,-10,-12,-12,-15,-14,-15,-15,-14,-15,-14,-13,-16,-12,-12,-12,-15
PCM,-18,-18,-16,-19,-19,-20,-16,-17,-19,-17,-20,-18,-19,-19,-19,-22
PCM,-24,-22,-22,-24,-24,-24,-26,-23,-24,-25,-25,-29,-28,-28,-29,-28
PCM,-28,-28,-29,-28,-26,-28,-23,-23,-21,-23,-25,-24,-24,-21,-23,-22
PCM,-22,-19,-15,-18,-18,-18,-18,-18,-17,-15,-14,-13,-12,-9,-9,-12
PCM,-13,-13,-12,-11,-10,-10,-10,-8,-6,-7,-7,-7,-8,-6,-4,-5
PCM,-5,-3,-1,-1,1,0,2,2,1,1,0,5,7,6,7,7
PCM,6,4,9,10,11,13,13,11,11,10,11,10,8,9,11,11
PCM,12,11,6,7,5,1,3,6,6,6,5,4,0,2,1,-2
PCM,0,0,4,3,5,4,4,4,1,-1,0,0,2,2,3,2
PCM,2,-1,-1,-1,-2,-2,-4,-3,-2,-3,-4,-5,-5,-6,-6,-7
PCM,-9,-10,-9,-9,-10,-10,-10,-10,-11,-12,-13,-12,-14,-13,-14,-17
PCM,-17,-16,-16,-19,-17,-21,-22,-19,-19,-20,-17,-18,-18,-17,-21,-21
PCM,-20,-19,-20,-21,-22,-22,-23,-20,-17,-18,-16,-14,-16,-17,-15,-17
PCM,-15,-16,-14,-14,-10,-13,-11,-10,-13,-12,-10,-9,-8,-7,-7,-6
PCM,-5,-6,-7,-6,-7,-7,-6,-5,-4,-7,-6,-8,-10,-9,-12,-10
PCM,-8,-8,-5,-4,-5,-7,-5,-3,-3,-2,-2,-2,-2,-3,-1,-2
PCM,-4,-5,-7,-7,-4,0,1,-1,1,-2,0,-2,-1,-1,0,1
PCM,5,5,4,5,4,4,7,4,5,3,4,5,6,8,6,5
PCM,3,2,0,3,1,3,1,2,-3,-1,-3,0,-4,-5,-6,-7
PCM,-9,-10,-10,-13,-13,-13,-16,-15,-1,0,-6,-11,-10,-3,-9,-7
PCM,-10,-15,-11,-10,-14,-23,-31,-27,-30,-30,-30,-29,-25,-26,-28,-32
PCM,-34,-32,-31,-28,-23,-18,-14,-15,-17,-16,-16,-16,-15,-10,-5,-4
PCM,-5,-7,-10,-9,-11,-11,-9,-9,-8,-7,-5,-9,-13,-15,-15,-17
PCM,-16,-15,-12,-17,-12,-14,-17,-16,-16,-14,-8,-8,-8,-8,-7,-7
PCM,-9,-10,-9,-9,-8,-4,-3,-2,-2,-4,-1,-2,-4,-5,-7,-6
PCM,-9,-11,-11,-16,-16,-17,-15,-12,-10,-12,-8,-9,-9,-13,-11,-8
PCM,-4,-3,-1,1,4,3,2,2,-1,1,1,2,4,4,5,7
PCM,3,1,1,2,-1,1,1,-3,-4,-5,-8,-10,-12,-11,-11,-12
PCM,-13,-15,-15,-12,-13,-14,-10,-11,-9,-8,-9,-6,-7,-6,-6,-3
PCM,-4,1,0,0,-2,1,0,-2,0,2,1,1,1,2,2,2
PCM,1,-1,0,-1,-2,-3,-2,-2,-5,-6,-4,-7,-5,-3,-1,-1
PCM,-3,-1,0,-1,-2,0,1,1,3,3,3,6,7,8,7,6
PCM,8,8,10,8,8,7,7,5,4,0,-1,-1,-2,0,0,-3
PCM,-1,-3,-2,-6,-4,-2,-5,-4,-4,-2,-3,-4,-4,-3,-5,-4
PCM,-4,-3,-7,-4,-7,-8,-8,-10,-11,-12,-15,-12,-12,-13,-16,-15
PCM,-17,-14,-12,-12,-12,-12,-12,-11,-14,-12,-14,-14,-13,-13,-13,-12
PCM,-9,-11,-14,-11,-12,-12,-8,-8,-9,-10,-10,-8,-9,-9,-10,-7
PCM,-9,-9,-9,-9,-9,-8,-10,-8,-8,-9,-10,-10,-9,-9,-8,-7
PCM,-7,-4,-4,-2,-1,-1,-3,0,0,-1,-3,-3,0,0,-3,-2
PCM,-2,-1,-1,-1,-2,-1,-1,-5,-4,-5,-5,-5,-5,-6,-5,-5
PCM,-8,-7,-4,-5,-7,-6,-8,-7,-7,-5,-5,-5,-5,-5,-6,-4
PCM,-6,-5,-5,-4,-4,-4,-5,-6,-4,-5,-4,-5,-3,-3,-6,-7
PCM,-5,-6,-5,-10,-9,-11,-10,-14,-12,-11,-14,-15,-17,-17,-15,-16
PCM,-16,-14,-16,-16,-18,-17,-15,-15,-14,-14,-13,-14,-15,-14,-13,-13
PCM,-15,-15,-15,-16,-15,-18,-15,-14,-16,-16,-17,-17,-15,-16,-16,-17
PCM,-20,-22,-19,-18,-20,-18,-17,-16,-14,-12,-11,-11,-10,-10,-11,-9
PCM,-9,-7,-10,-8,-7,-8,-6,-6,-9,-8,-8,-8,-9,-8,-7,-7
PCM,-6,-7,-9,-10,-9,-8,-6,-7,-9,-7,-9,-8,-7,-8,-6,-6
PCM,-5,-6,-7,-5,-5,-5,-5,-4,-5,-4,-4,-2,-2,1,-1,0
PCM,-1,0,-1,0,0,1,-1,0,-1,-2,-2,-3,-1,-2,-2,-2
PCM,-2,-5,-6,-5,-3,-5,-6,-5,-4,-7,-3,-4,-4,-6,-7,-7
PCM,-8,-4,-7,-6,-5,-6,-6,-6,-7,-7,-9,-8,-12,-10,-10,-10
PCM,-9,-9,-10,-12,-12,-10,-13,-13,-9,-8,-10,-10,-11,-14,-11,-11
PCM,-11,-11,-13,-13,-13,-9,-10,-12,-10,-10,-8,-9,-8,-7,-8,-7
PCM,-7,-5,-5,-4,-5,-4,-5,-4,-3,-5,-3,-3,-3,-2,-2,-2
PCM,-3,-5,-2,0,-3,-4,-2,-3,-3,-3,-1,-1,-1,-1,-4,-1
PCM,-3,-2,-1,-2,0,-1,-1,-1,-5,-3,-1,-4,-1,-4,-3,-4
PCM,-1,-2,-2,-1,-3,-3,-4,-3,-4,-3,-3,-4,-7,-5,-6,-3
PCM,-2,-3,-5,-5,-7,-9,-9,-8,-10,-10,-10,-10,-11,-9,-12,-12
PCM,-9,-11,-7,-10,-9,-11,-10,-12,-13,-10,-12,-11,-12,-10,-9,-10
PCM,-9,-12,-11,-9,-12,-8,-7,-10,-9,-10,-10,-9,-11,-10,-12,-11
PCM,-11,-9,-10,-12,-10,-8,-11,-10,-11,-11,-13,-13,-12,-13,-12,-12
PCM,-11,-12,-10,-12,-11,-10,-12,-12,-12,-12,-10,-10,-10,-9,-8,-8
PCM,-6,-6,-7,-6,-5,-4,-2,-2,1,1,0,0,1,1,2,2
PCM,1,2,2,0,0,1,2,3,0,3,4,3,2,3,2,1
PCM,0,1,-1,0,0,0,-1,-1,-1,-2,-1,0,-3,-1,-5,-4
PCM,-3,-2,-2,-2,-5,-3,-7,-6,-8,-5,-5,-4,-6,-5,-5,-3
PCM,-4,-4,-4,-3,-4,-1,-6,-4,-7,-8,-8,-7,-11,-10,-10,-7
PCM,-9,-9,-9,-12,-10,-11,-11,-10,-10,-13,-14,-12,-13,-14,-16,-18
PCM,-16,-16,-16,-19,-19,-21,-22,-21,-23,-22,-25,-25,-26,-25,-24,-26
PCM,-27,-27,-26,-27,-24,-25,-25,-26,-27,-25,-23,-21,-22,-22,-23,-22
PCM,-23,-21,-19,-18,-16,-17,-17,-17,-17,-13,-14,-13,-13,-12,-12,-8
PCM,-10,-9,-9,-8,-6,-8,-3,-4,-4,-4,-4,-3,-4,-3,-2,1
PCM,3,0,4,3,5,2,5,5,3,6,5,3,5,4,4,3
PCM,3,2,5,2,0,0,1,-2,-3,0,-3,-5,-3,-2,-1,-2
PCM,-3,-4,-4,-4,-5,-6,-3,-5,-7,-8,-9,-8,-8,-8,-9,-9
PCM,-7,-10,-9,-11,-10,-11,-12,-13,-14,-13,-13,-15,-16,-16,-14,-15
PCM,-16,-15,-16,-18,-15,-15,-16,-18,-17,-18,-18,-15,-15,-16,-16,-18
PCM,-16,-17,-14,-17,-18,-16,-17,-16,-19,-18,-18,-17,-19,-17,-18,-17
PCM,-19,-17,-16,-14,-15,-17,-14,-11,-12,-14,-10,-9,-11,-9,-9,-6
PCM,-6,-7,-5,-6,-6,-6,-4,-4,-5,-7,-8,-5,-6,-5,-4,-6
PCM,-4,-6,-4,-5,-6,-4,-6,-4,-7,-6,-6,-8,-5,-4,-4,-6
PCM,-6,-3,-5,-5,-5,-3,-3,-2,-2,-4,-2,-4,-4,-4,-6,-3
PCM,-2,-4,-3,-8,-9,-11,-10,-9,-13,-11,-12,-11,-13,-12,-11,-12
PCM,-13,-14,-14,-13,-14,-14,-14,-12,-14,-12,-11,-13,-15,-13,-15,-15
PCM,-15,-14,-16,-15,-13,-15,-13,-13,-13,-12,-14,-13,-19,-15,-16,-15
PCM,-17,-16,-20,-18,-18,-18,-21,-18,-18,-21,-19,-20,-19,-20,-20,-22
PCM,-23,-20,-21,-19,-18,-18,-19,-20,-21,-17,-17,-15,-13,-13,-13,-12
PCM,-12,-11,-10,-12,-9,-10,-10,-10,-10,-12,-12,-10,-8,-9,-9,-11
PCM,-10,-7,-5,-6,-5,-6,-5,-6,-6,-5,-2,-2,-2,-3,-1,1
PCM,1,0,2,-3,-2,-2,-3,-1,-3,-2,-3,-2,-3,-4,-4,-3
PCM,-3,-2,-4,-6,-5,-5,-5,-5,-2,-3,-3,-5,-5,-5,-2,1
PCM,-1,-1,-2,0,-4,-1,0,0,0,-2,2,0,-1,1,-3,-2
PCM,-1,-2,-4,-4,-5,-4,-5,-3,-6,-7,-8,-9,-9,-10,-10,-10
PCM,-12,-13,-14,-14,-14,-15,-11,-13,-13,-15,-13,-12,-16,-17,-18,-21
PCM,-19,-17,-18,-20,-19,-19,-17,-18,-16,-16,-17,-18,-17,-18,-19,-18
PCM,-17,-17,-16,-14,-17,-17,-15,-16,-15,-13,-15,-15,-13,-13,-13,-12
PCM,-11,-12,-13,-13,-12,-10,-9,-11,-12,-10,-13,-12,-12,-11,-10,-10
PCM,-11,-12,-13,-14,-11,-12,-13,-11,-11,-11,-15,-15,-15,-13,-15,-16
PCM,-16,-17,-16,-16,-17,-17,-17,-17,-17,-17,-18,-18,-19,-15,-16,-15
PCM,-17,-17,-14,-12,-12,-10,-11,-11,-13,-12,-12,-12,-11,-10,-10,-11
PCM,-13,-12,-13,-11,-11,-9,-10,-9,-9,-7,-8,-9,-9,-8,-9,-12
PCM,-13,-11,-14,-18,-18,-20,-23,-22,-20,-20,-20,-21,-20,-22,-23,-21
PCM,-22,-22,-21,-22,-21,-23,-23,-25,-26,-26,-27,-26,-28,-28,-27,-27
PCM,-25,-24,-25,-25,-25,-25,-24,-25,-26,-26,-26,-24,-26,-24,-23,-22
PCM,-20,-23,-23,-22,-24,-19,-21,-22,-21,-22,-21,-18,-18,-19,-17,-17
PCM,-18,-15,-15,-17,-18,-19,-20,-20,-19,-20,-20,-20,-19,-20,-20,-20
PCM,-19,-21,-19,-18,-18,-19,-20,-20,-18,-17,-19,-21,-18,-19,-18,-18
PCM,-17,-20,-22,-21,-20,-17,-19,-21,-17,-18,-18,-20,-20,-16,-15,-14
PCM,-17,-13,-14,-14,-13,-13,-12,-13,-13,-11,-15,-12,-11,-13,-13,-14
PCM,-13,-13,-12,-13,-14,-15,-15,-13,-12,-13,-13,-16,-12,-14,-14,-14
PCM,-14,-13,-16,-14,-15,-15,-14,-14,-16,-17,-16,-14,-15,-13,-14,-14
PCM,-15,-13,-13,-12,-13,-13,-13,-13,-12,-14,-13,-13,-10,-11,-11,-13
PCM,-13,-12,-11,-11,-12,-11,-10,-8,-8,-10,-9,-10,-11,-5,-5,-3
PCM,-7,-6,-6,-3,-4,-1,-2,-2,-4,-4,-7,-5,-4,-4,-5,-4
PCM,-4,-5,-8,-6,-6,-8,-7,-7,-8,-8,-8,-9,-10,-9,-10,-10
PCM,-8,-11,-10,-11,-8,-10,-12,-11,-12,-11,-10,-10,-13,-13,-12,-10
PCM,-10,-9,-11,-7,-9,-7,-7,-7,-6,-8,-9,-8,-9,-9,-9,-10
PCM,-11,-12,-11,-13,-12,-14,-15,-14,-14,-15,-13,-13,-13,-15,-15,-17
PCM,-16,-18,-17,-20,-18,-20,-21,-21,-21,-21,-23,-23,-21,-23,-24,-24
PCM,-24,-26,-26,-25,-27,-27,-27,-29,-28,-30,-31,-29,-32,-28,-31,-29
PCM,-27,-28,-29,-29,-28,-28,-28,-27,-30,-28,-27,-27,-25,-26,-25,-24
PCM,-24,-24,-21,-23,-22,-21,-21,-22,-19,-20,-18,-17,-18,-15,-14,-13
PCM,-15,-13,-15,-12,-12,-15,-16,-16,-17,-18,-18,-18,-18,-20,-20,-21
PCM,-20,-21,-20,-18,-19,-19,-22,-22,-22,-21,-21,-21,-22,-25,-26,-22
PCM,-22,-21,-22,-20,-20,-22,-21,-22,-21,-20,-22,-20,-20,-18,-21,-23
PCM,-18,-22,-20,-23,-19,-21,-21,-26,-27,-24,-25,-24,-26,-23,-25,-28
PCM,-28,-26,-29,-29,-31,-33,-35,-32,-32,-34,-33,-33,-33,-34,-32,-35
PCM,-36,-34,-35,-34,-34,-34,-34,-30,-31,-30,-28,-29,-28,-30,-30,-30
PCM,-29,-29,-26,-28,-28,-29,-25,-27,-27,-26,-25,-24,-25,-25,-24,-24
PCM,-23,-24,-24,-25,-25,-25,-25,-24,-25,-22,-23,-23,-21,-21,-19,-18
PCM,-19,-17,-17,-18,-16,-16,-12,-12,-14,-15,-16,-17,-15,-14,-14,-14
PCM,-16,-16,-21,-18,-17,-18,-17,-17,-15,-16,-14,-12,-14,-13,-13,-13
PCM,-15,-12,-14,-15,-13,-14,-16,-15,-14,-13,-15,-16,-17,-15,-13,-12
PCM,-12,-11,-13,-12,-11,-10,-13,-12,-13,-13,-11,-11,-11,-10,-10,-12
PCM,-12,-11,-13,-13,-14,-15,-16,-18,-16,-17,-19,-19,-21,-17,-18,-17
PCM,-20,-21,-22,-23,-23,-23,-26,-25,-23,-26,-27,-26,-23,-23,-24,-24
PCM,-24,-24,-24,-24,-25,-22,-25,-24,-21,-21,-22,-22,-21,-20,-22,-22
PCM,-25,-22,-21,-22,-22,-24,-24,-24,-23,-21,-22,-22,-21,-23,-26,-23
PCM,-25,-26,-25,-24,-26,-24,-24,-23,-24,-22,-21,-20,-21,-19,-20,-18
PCM,-20,-20,-19,-21,-20,-21,-20,-18,-18,-18,-19,-16,-18,-19,-18,-19
PCM,-20,-22,-21,-19,-22,-21,-23,-20,-23,-21,-23,-24,-22,-22,-22,-21
PCM,-24,-26,-27,-28,-26,-29,-26,-28,-25,-28,-29,-30,-28,-27,-27,-28
PCM,-28,-30,-29,-28,-28,-31,-31,-31,-34,-32,-31,-33,-33,-34,-33,-33
PCM,-32,-31,-30,-29,-27,-27,-29,-31,-32,-31,-30,-30,-30,-30,-31,-27
PCM,-27,-26,-28,-28,-27,-27,-27,-27,-26,-24,-24,-25,-24,-24,-22,-22
PCM,-21,-23,-24,-24,-22,-21,-21,-22,-18,-19,-17,-18,-19,-17,-17,-16
PCM,-17,-16,-17,-17,-16,-17,-18,-18,-16,-16,-16,-15,-16,-17,-17,-16
PCM,-17,-18,-15,-14,-14,-12,-15,-11,-11,-12,-13,-13,-14,-12,-13,-12
PCM,-14,-13,-15,-14,-13,-15,-13,-13,-12,-14,-14,-14,-14,-12,-13,-13
PCM,-16,-15,-16,-16,-17,-17,-18,-18,-17,-18,-21,-20,-20,-19,-15,-19
PCM,-21,-22,-21,-18,-19,-20,-20,-18,-19,-19,-19,-19,-20,-21,-20,-23
PCM,-20,-22,-22,-26,-24,-25,-22,-22,-22,-22,-23,-25,-25,-22,-22,-23
PCM,-23,-21,-21,-21,-22,-23,-22,-22,-21,-21,-22,-20,-20,-22,-21,-24
PCM,-25,-25,-26,-25,-26,-28,-27,-26,-25,-25,-26,-26,-27,-28,-26,-25
PCM,-24,-24,-23,-22,-22,-20,-23,-20,-20,-18,-22,-20,-17,-19,-20,-18
PCM,-18,-17,-20,-20,-18,-18,-19,-17,-14,-15,-18,-14,-15,-18,-18,-17
PCM,-17,-17,-16,-16,-16,-17,-18,-17,-17,-14,-15,-15,-17,-18,-18,-17
PCM,-17,-17,-16,-17,-17,-17,-21,-19,-20,-21,-19,-23,-23,-23,-24,-23
PCM,-24,-24,-25,-24,-23,-25,-28,-27,-26,-28,-26,-26,-27,-26,-28,-30
PCM,-30,-30,-31,-32,-30,-31,-33,-33,-35,-32,-36,-35,-34,-34,-32,-34
PCM,-34,-35,-35,-32,-33,-32,-30,-32,-31,-31,-34,-34,-32,-32,-31,-30
PCM,-29,-29,-30,-29,-27,-27,-27,-26,-29,-26,-26,-25,-24,-22,-24,-23
PCM,-24,-24,-23,-24,-21,-22,-22,-22,-20,-19,-18,-20,-17,-19,-17,-16
PCM,-16,-17,-17,-17,-16,-16,-16,-17,-15,-11,-13,-15,-15,-12,-12,-12
PCM,-12,-12,-13,-11,-15,-13,-14,-18,-15,-15,-14,-15,-17,-16,-18,-19
PCM,-17,-20,-19,-17,-16,-16,-19,-20,-19,-17,-15,-17,-15,-17,-18,-15
PCM,-15,-18,-15,-15,-16,-15,-14,-12,-13,-14,-14,-16,-16,-17,-17,-17
PCM,-19,-17,-18,-16,-18,-19,-20,-20,-18,-18,-18,-17,-17,-16,-15,-17
PCM,-16,-17,-17,-17,-18,-14,-17,-18,-16,-17,-17,-17,-17,-18,-18,-20
PCM,-20,-20,-19,-22,-24,-22,-23,-25,-25,-23,-25,-25,-25,-25,-24,-26
PCM,-27,-26,-26,-24,-27,-27,-27,-25,-24,-25,-23,-23,-22,-19,-22,-22
PCM,-21,-22,-22,-21,-22,-21,-22,-19,-18,-16,-17,-17,-19,-18,-17,-17
PCM,-17,-15,-15,-15,-14,-12,-12,-12,-10,-13,-14,-12,-12,-13,-13,-13
PCM,-13,-16,-13,-13,-12,-13,-17,-16,-12,-12,-12,-14,-12,-14,-15,-15
PCM,-13,-14,-18,-16,-20,-19,-19,-21,-22,-20,-19,-20,-20,-22,-22,-23
PCM,-23,-26,-27,-26,-25,-27,-29,-27,-27,-28,-28,-29,-29,-30,-30,-31
PCM,-30,-31,-30,-31,-30,-29,-30,-29,-29,-30,-28,-30,-28,-30,-29,-29
PCM,-30,-30,-28,-28,-27,-29,-31,-31,-30,-28,-29,-27,-30,-31,-29,-30
PCM,-28,-29,-30,-30,-27,-29,-29,-28,-30,-29,-28,-28,-27,-27,-29,-26
PCM,-26,-26,-24,-23,-27,-27,-26,-25,-22,-22,-22,-23,-20,-19,-18,-18
PCM,-19,-15,-18,-18,-17,-15,-16,-17,-16,-18,-18,-17,-17,-14,-14,-15
PCM,-15,-16,-16,-16,-17,-16,-15,-16,-16,-14,-15,-14,-14,-14,-14,-14
PCM,-16,-16,-18,-17,-19,-15,-17,-17,-17,-20,-17,-17,-19,-19,-20,-21
PCM,-21,-22,-24,-23,-24,-23,-23,-25,-23,-25,-24,-24,-23,-24,-23,-25
PCM,-25,-25,-24,-25,-26,-26,-26,-28,-28,-29,-30,-29,-29,-28,-27,-30
PCM,-30,-31,-34,-34,-33,-36,-36,-35,-35,-38,-38,-38,-36,-36,-36,-36
PCM,-36,-36,-38,-37,-37,-37,-35,-34,-34,-36,-32,-35,-35,-35,-34,-34
PCM,-35,-32,-32,-32,-34,-34,-34,-33,-32,-33,-31,-28,-28,-30,-28,-27
PCM,-28,-28,-29,-27,-27,-28,-27,-26,-25,-25,-27,-25,-25,-25,-23,-25
PCM,-26,-26,-28,-27,-26,-26,-27,-27,-26,-25,-27,-26,-24,-26,-24,-23
PCM,-26,-26,-25,-24,-22,-24,-23,-24,-23,-19,-23,-25,-22,-22,-21,-21
PCM,-22,-22,-21,-20,-22,-22,-22,-23,-23,-21,-21,-23,-23,-21,-21,-22
PCM,-22,-23,-24,-24,-26,-25,-28,-30,-28,-27,-28,-28,-31,-30,-33,-28
PCM,-29,-30,-31,-29,-29,-31,-35,-35,-34,-34,-31,-34,-34,-33,-34,-33
PCM,-34,-34,-34,-33,-33,-34,-33,-32,-35,-36,-34,-34,-33,-34,-32,-33
PCM,-34,-34,-32,-33,-30,-33,-30,-30,-29,-29,-29,-29,-28,-27,-28,-27
PCM,-28,-27,-25,-23,-26,-25,-23,-25,-21,-21,-19,-22,-20,-20,-22,-20
PCM,-20,-19,-19,-19,-20,-22,-20,-22,-22,-23,-23,-23,-21,-20,-18,-20
PCM,-19,-19,-19,-16,-16,-14,-15,-14,-17,-16,-16,-14,-15,-15,-14,-14
PCM,-15,-14,-13,-11,-13,-16,-12,-12,-14,-15,-13,-14,-15,-16,-15,-15
PCM,-16,-16,-16,-17,-16,-18,-19,-17,-19,-18,-18,-21,-18,-19,-17,-18
PCM,-18,-17,-19,-19,-21,-22,-20,-24,-22,-24,-26,-27,-28,-26,-26,-25
PCM,-24,-27,-26,-27,-26,-27,-30,-27,-29,-28,-30,-29,-27,-30,-27,-28
PCM,-27,-28,-30,-31,-26,-28,-25,-26,-27,-26,-25,-28,-26,-24,-25,-25
PCM,-28,-24,-24,-25,-27,-27,-26,-26,-26,-25,-26,-24,-24,-26,-24,-27
PCM,-23,-23,-24,-21,-23,-24,-22,-20,-22,-20,-20,-19,-21,-18,-17,-17
PCM,-18,-17,-18,-18,-20,-17,-18,-15,-17,-18,-19,-18,-20,-20,-16,-18
PCM,-18,-19,-20,-22,-21,-22,-22,-20,-18,-18,-18,-22,-17,-18,-16,-19
PCM,-17,-18,-20,-17,-20,-17,-18,-20,-20,-21,-21,-21,-21,-21,-21,-21
PCM,-22,-24,-22,-23,-22,-24,-26,-26,-27,-27,-29,-30,-33,-32,-34,-31
PCM,-34,-33,-35,-33,-35,-38,-38,-39,-39,-40,-39,-40,-40,-41,-41,-40
PCM,-42,-43,-42,-40,-39,-42,-42,-43,-42,-41,-43,-41,-42,-42,-42,-44
PCM,-42,-43,-40,-41,-38,-37,-38,-38,-37,-37,-36,-36,-37,-36,-33,-33
PCM,-34,-37,-36,-33,-34,-33,-30,-30,-29,-31,-31,-30,-30,-30,-30,-28
PCM,-28,-29,-30,-31,-30,-31,-30,-31,-30,-31,-32,-30,-31,-29,-31,-31
PCM,-30,-29,-29,-29,-30,-29,-30,-31,-30,-32,-30,-31,-33,-33,-32,-32
PCM,-34,-31,-28,-32,-30,-31,-30,-32,-32,-29,-31,-32,-32,-30,-32,-29
PCM,-30,-33,-31,-34,-35,-36,-34,-32,-36,-37,-37,-37,-35,-36,-33,-36
PCM,-36,-36,-37,-35,-39,-37,-35,-36,-35,-37,-37,-37,-37,-39,-38,-37
PCM,-38,-37,-35,-36,-36,-38,-36,-35,-37,-37,-38,-36,-38,-39,-37,-39
PCM,-37,-38,-39,-38,-36,-35,-34,-35,-36,-35,-34,-31,-32,-32,-32,-33
PCM,-32,-31,-31,-31,-32,-33,-31,-29,-28,-25,-27,-26,-24,-25,-27,-25
PCM,-22,-25,-26,-25,-23,-23,-23,-23,-25,-24,-23,-26,-24,-24,-23,-25
PCM,-23,-23,-23,-25,-28,-25,-26,-28,-27,-27,-26,-25,-27,-25,-26,-23
PCM,-25,-24,-22,-20,-24,-24,-26,-24,-21,-25,-23,-23,-23,-25,-23,-22
PCM,-23,-24,-25,-23,-27,-26,-26,-26,-25,-23,-23,-25,-24,-23,-25,-25
PCM,-25,-27,-26,-26,-28,-29,-27,-30,-30,-31,-30,-32,-31,-32,-30,-32
PCM,-30,-32,-34,-32,-33,-35,-36,-33,-36,-36,-36,-38,-37,-36,-38,-40
PCM,-37,-38,-36,-37,-34,-37,-34,-35,-32,-32,-31,-30,-28,-28,-28,-29
PCM,-26,-26,-25,-21,-22,-22,-22,-23,-23,-19,-21,-19,-19,-18,-17,-19
PCM,-16,-18,-19,-16,-18,-17,-18,-16,-17,-17,-17,-16,-16,-18,-16,-16
PCM,-20,-19,-18,-19,-20,-19,-20,-18,-20,-19,-21,-19,-19,-22,-21,-20
PCM,-22,-20,-20,-18,-21,-18,-20,-18,-17,-16,-16,-17,-17,-17,-19,-18
PCM,-19,-19,-19,-19,-18,-18,-19,-19,-20,-19,-19,-18,-18,-20,-20,-17
PCM,-18,-18,-17,-19,-17,-18,-18,-18,-17,-17,-16,-17,-18,-19,-18,-19
PCM,-21,-20,-23,-24,-25,-22,-24,-26,-26,-27,-31,-29,-32,-31,-31,-30
PCM,-33,-34,-33,-30,-29,-31,-31,-29,-31,-30,-30,-29,-28,-28,-25,-26
PCM,-27,-26,-28,-26,-27,-28,-27,-29,-26,-28,-27,-26,-28,-29,-29,-29
PCM,-28,-27,-25,-26,-27,-26,-30,-29,-27,-27,-27,-28,-27,-31,-31,-34
PCM,-32,-33,-32,-34,-34,-32,-33,-34,-34,-34,-36,-36,-37,-36,-39,-36
PCM,-40,-36,-35,-39,-39,-37,-37,-39,-39,-41,-40,-41,-41,-41,-41,-41
PCM,-42,-45,-45,-45,-46,-46,-45,-44,-45,-44,-46,-47,-48,-46,-46,-47
PCM,-46,-45,-47,-45,-47,-45,-45,-44,-45,-44,-47,-48,-42,-44,-45,-45
PCM,-45,-46,-48,-49,-51,-51,-50,-51,-50,-52,-51,-50,-50,-50,-49,-51
PCM,-52,-51,-48,-48,-47,-45,-47,-46,-46,-47,-46,-44,-43,-44,-46,-43
PCM,-43,-39,-39,-41,-39,-39,-38,-37,-39,-39,-38,-41,-40,-40,-40,-41
PCM,-40,-41,-39,-40,-39,-41,-40,-41,-40,-38,-37,-39,-38,-40,-39,-40
PCM,-38,-39,-39,-38,-42,-40,-41,-42,-40,-43,-44,-43,-44,-42,-42,-41
PCM,-41,-41,-40,-40,-39,-38,-42,-39,-39,-40,-41,-40,-39,-39,-37,-38
PCM,-38,-40,-38,-36,-38,-39,-39,-39,-35,-37,-37,-37,-35,-37,-38,-36
PCM,-36,-34,-36,-34,-34,-36,-34,-33,-34,-34,-36,-36,-36,-35,-34,-34
PCM,-36,-36,-37,-36,-37,-36,-36,-38,-37,-35,-33,-37,-36,-37,-38,-37
PCM,-36,-36,-35,-33,-34,-36,-36,-38,-37,-37,-36,-37,-38,-35,-37,-39
PCM,-37,-39,-37,-37,-34,-37,-37,-35,-38,-37,-35,-33,-32,-33,-30,-29
PCM,-30,-28,-28,-27,-24,-23,-24,-23,-20,-20,-18,-18,-19,-20,-21,-19
PCM,-18,-18,-21,-19,-19,-22,-21,-22,-22,-20,-21,-22,-25,-24,-25,-24
PCM,-23,-23,-23,-24,-25,-23,-24,-25,-22,-23,-22,-23,-23,-22,-24,-24
PCM,-24,-24,-26,-27,-26,-26,-23,-24,-23,-22,-24,-22,-25,-24,-25,-24
PCM,-25,-26,-25,-25,-28,-26,-25,-25,-25,-25,-26,-25,-26,-26,-27,-26
PCM,-27,-27,-27,-27,-25,-28,-27,-28,-26,-26,-26,-26,-27,-27,-30,-30
PCM,-29,-29,-29,-29,-28,-29,-30,-32,-31,-33,-30,-31,-33,-33,-34,-36
PCM,-36,-34,-36,-37,-39,-36,-35,-37,-37,-36,-40,-36,-37,-38,-36,-35
PCM,-36,-36,-35,-36,-35,-37,-34,-35,-33,-33,-31,-31,-31,-32,-31,-33
PCM,-31,-31,-30,-31,-31,-29,-28,-29,-29,-30,-30,-28,-29,-29,-29,-26
PCM,-27,-28,-29,-28,-27,-29,-26,-27,-25,-25,-25,-24,-25,-23,-24,-26
PCM,-25,-27,-26,-25,-28,-29,-31,-29,-28,-31,-31,-30,-31,-31,-33,-31
PCM,-32,-32,-32,-32,-36,-35,-34,-35,-33,-34,-38,-36,-37,-33,-35,-36
PCM,-35,-36,-36,-38,-38,-38,-39,-37,-39,-38,-40,-41,-41,-43,-42,-41
PCM,-42,-43,-45,-46,-46,-47,-45,-47,-47,-46,-48,-47,-47,-46,-48,-48
PCM,-48,-49,-48,-50,-50,-52,-50,-49,-51,-51,-53,-52,-52,-52,-52,-56
PCM,-52,-52,-55,-52,-51,-49,-50,-50,-51,-51,-49,-49,-49,-49,-46,-49
PCM,-48,-47,-46,-44,-45,-47,-46,-45,-44,-42,-44,-43,-45,-45,-45,-45
PCM,-44,-45,-44,-44,-44,-44,-45,-44,-47,-47,-46,-48,-47,-47,-44,-45
PCM,-45,-46,-48,-45,-47,-46,-47,-47,-45,-47,-45,-44,-45,-44,-43,-44
PCM,-43,-40,-42,-42,-43,-44,-42,-44,-42,-43,-42,-45,-42,-43,-43,-48
PCM,-47,-46,-44,-46,-45,-44,-46,-47,-48,-46,-44,-43,-44,-43,-42,-42
PCM,-42,-47,-47,-46,-46,-45,-47,-44,-44,-45,-46,-42,-42,-44,-44,-45
PCM,-43,-43,-42,-42,-44,-44,-44,-44,-45,-43,-44,-43,-41,-41,-41,-41
PCM,-40,-40,-40,-40,-41,-38,-38,-37,-38,-38,-37,-36,-39,-39,-40,-39
PCM,-38,-37,-38,-37,-33,-36,-34,-33,-32,-32,-33,-34,-32,-31,-32,-31
PCM,-30,-30,-32,-31,-31,-32,-33,-31,-31,-30,-31,-29,-30,-29,-30,-29
PCM,-29,-27,-27,-28,-26,-22,-26,-28,-28,-27,-25,-24,-24,-27,-26,-26
PCM,-26,-25,-26,-27,-26,-27,-26,-29,-29,-28,-27,-28,-27,-28,-29,-26
PCM,-27,-24,-22,-27,-26,-26,-27,-25,-25,-23,-26,-27,-26,-26,-27,-27
PCM,-26,-27,-27,-27,-25,-25,-26,-24,-24,-27,-28,-26,-27,-24,-25,-25
PCM,-25,-24,-24,-23,-22,-25,-22,-23,-23,-21,-23,-22,-21,-21,-23,-23
PCM,-21,-21,-20,-21,-23,-24,-22,-24,-24,-21,-23,-24,-22,-21,-20,-21
PCM,-20,-19,-17,-18,-18,-18,-20,-22,-22,-21,-22,-22,-21,-23,-23,-23
PCM,-25,-25,-22,-22,-22,-22,-23,-24,-23,-22,-21,-22,-22,-26,-22,-22
PCM,-20,-20,-21,-22,-21,-21,-23,-21,-21,-21,-21,-24,-26,-25,-24,-25
PCM,-24,-26,-26,-25,-26,-27,-26,-28,-26,-28,-27,-29,-27,-29,-32,-29
PCM,-30,-31,-31,-31,-31,-31,-30,-31,-32,-31,-34,-34,-38,-36,-38,-38
PCM,-38,-40,-40,-39,-41,-40,-42,-42,-41,-42,-40,-42,-44,-43,-43,-44
PCM,-45,-44,-45,-47,-44,-45,-43,-45,-45,-45,-44,-43,-44,-45,-44,-41
PCM,-43,-44,-46,-47,-47,-46,-47,-46,-45,-43,-44,-44,-44,-44,-46,-46
PCM,-47,-45,-45,-46,-47,-47,-47,-49,-49,-50,-49,-48,-50,-49,-48,-46
PCM,-48,-48,-48,-46,-48,-47,-48,-49,-45,-45,-45,-42,-42,-42,-42,-42
PCM,-41,-41,-40,-44,-41,-42,-42,-42,-39,-39,-40,-39,-40,-39,-39,-38
PCM,-42,-42,-40,-40,-40,-38,-40,-42,-41,-43,-41,-41,-41,-39,-42,-40
PCM,-42,-42,-41,-43,-42,-42,-42,-43,-41,-41,-38,-38,-38,-41,-40,-43
PCM,-42,-41,-42,-42,-43,-41,-42,-42,-43,-43,-43,-42,-42,-41,-41,-39
PCM,-40,-40,-41,-41,-38,-38,-38,-38,-38,-38,-37,-36,-39,-36,-35,-35
PCM,-33,-37,-38,-37,-38,-38,-37,-36,-37,-35,-37,-36,-34,-34,-34,-34
PCM,-35,-35,-36,-36,-36,-34,-35,-36,-35,-34,-34,-36,-37,-37,-37,-36
PCM,-39,-36,-35,-36,-35,-34,-35,-35,-35,-34,-34,-34,-37,-36,-34,-36
PCM,-35,-33,-33,-34,-33,-33,-33,-32,-33,-34,-34,-34,-34,-32,-33,-31
PCM,-35,-33,-33,-33,-33,-34,-32,-32,-32,-33,-34,-32,-31,-31,-32,-31
PCM,-30,-31,-34,-31,-30,-30,-30,-30,-29,-29,-29,-31,-31,-31,-32,-30
PCM,-31,-33,-35,-35,-34,-30,-32,-33,-33,-32,-36,-37,-34,-33,-33,-35
PCM,-33,-34,-34,-36,-35,-33,-33,-33,-34,-33,-32,-33,-32,-33,-32,-33
PCM,-35,-33,-35,-33,-34,-33,-36,-35,-35,-35,-33,-33,-35,-35,-32,-34
PCM,-33,-33,-33,-34,-33,-33,-30,-32,-32,-30,-32,-33,-33,-33,-34,-34
PCM,-36,-36,-36,-36,-35,-33,-33,-34,-35,-33,-33,-35,-34,-33,-36,-36
PCM,-35,-37,-35,-36,-34,-36,-33,-34,-35,-34,-35,-36,-36,-38,-37,-36
PCM,-35,-32,-34,-35,-36,-34,-36,-35,-35,-36,-34,-34,-36,-36,-35,-35
PCM,-34,-37,-36,-36,-37,-36,-36,-39,-38,-36,-34,-34,-36,-35,-36,-34
PCM,-34,-34,-33,-35,-34,-33,-34,-33,-33,-34,-35,-34,-36,-36,-35,-35
PCM,-34,-34,-33,-34,-34,-33,-34,-33,-31,-35,-34,-35,-37,-38,-40,-38
PCM,-39,-41,-42,-44,-44,-44,-44,-42,-44,-39,-42,-39,-42,-41,-40,-41
PCM,-40,-41,-41,-41,-42,-42,-40,-42,-40,-39,-39,-39,-38,-39,-38,-37
PCM,-37,-36,-37,-37,-36,-38,-41,-39,-37,-39,-42,-42,-42,-40,-39,-39
PCM,-38,-37,-37,-37,-35,-33,-35,-37,-35,-35,-36,-36,-36,-36,-35,-35
PCM,-34,-33,-34,-36,-36,-35,-35,-38,-38,-36,-36,-37,-38,-39,-38,-40
PCM,-40,-38,-38,-37,-37,-38,-38,-37,-40,-38,-40,-39,-39,-40,-38,-40
PCM,-40,-42,-40,-38,-40,-38,-40,-40,-40,-41,-41,-42,-42,-42,-42,-43
PCM,-44,-43,-46,-44,-43,-45,-45,-46,-46,-46,-48,-48,-47,-46,-46,-47
PCM,-46,-47,-49,-49,-49,-48,-49,-49,-50,-48,-51,-50,-48,-50,-52,-50
PCM,-48,-51,-48,-46,-43,-45,-44,-43,-42,-43,-41,-40,-41,-41,-42,-41
PCM,-40,-42,-41,-41,-41,-40,-39,-37,-39,-37,-34,-35,-36,-33,-36,-35
PCM,-35,-33,-35,-35,-37,-35,-37,-39,-37,-37,-37,-38,-37,-37,-39,-38
PCM,-38,-36,-39,-38,-36,-37,-37,-37,-39,-37,-37,-35,-34,-33,-32,-32
PCM,-31,-32,-31,-29,-28,-28,-30,-28,-28,-31,-26,-26,-27,-25,-26,-26
PCM,-27,-25,-27,-25,-26,-27,-27,-27,-28,-29,-27,-28,-28,-27,-25,-28
PCM,-25,-26,-22,-23,-26,-26,-27,-27,-25,-27,-25,-27,-26,-30,-29,-29
PCM,-30,-29,-31,-31,-32,-33,-32,-32,-32,-37,-35,-33,-33,-35,-34,-37
PCM,-35,-34,-37,-36,-37,-36,-36,-35,-34,-31,-34,-32,-33,-33,-32,-33
PCM,-34,-36,-36,-34,-32,-31,-31,-32,-32,-33,-31,-30,-30,-32,-30,-30
PCM,-29,-29,-29,-29,-29,-30,-31,-32,-31,-34,-33,-35,-35,-36,-36,-37
PCM,-36,-35,-36,-35,-34,-36,-38,-37,-35,-34,-33,-36,-35,-35,-33,-34
PCM,-32,-31,-30,-32,-32,-32,-32,-33,-30,-31,-30,-32,-32,-31,-32,-32
PCM,-31,-33,-34,-31,-34,-32,-31,-32,-33,-34,-32,-34,-35,-37,-33,-33
PCM,-37,-36,-39,-39,-40,-40,-41,-39,-39,-41,-41,-40,-41,-38,-37,-37
PCM,-36,-37,-37,-36,-36,-39,-35,-36,-34,-34,-33,-33,-32,-36,-37,-37
PCM,-38,-39,-41,-40,-42,-40,-41,-43,-42,-43,-43,-40,-39,-40,-38,-39
PCM,-41,-39,-38,-36,-35,-35,-37,-35,-34,-36,-34,-35,-36,-36,-36,-35
PCM,-34,-36,-35,-36,-35,-36,-36,-32,-34,-36,-37,-36,-35,-35,-35,-39
PCM,-39,-39,-36,-38,-37,-36,-37,-37,-38,-37,-36,-36,-37,-38,-35,-36
PCM,-35,-35,-34,-34,-35,-34,-36,-36,-35,-36,-37,-36,-35,-33,-34,-30
PCM,-31,-32,-30,-31,-30,-31,-28,-28,-33,-33,-29,-30,-30,-32,-31,-29
PCM,-30,-31,-32,-34,-33,-36,-34,-34,-33,-32,-31,-31,-32,-31,-31,-31
PCM,-32,-33,-30,-31,-32,-33,-34,-33,-35,-35,-37,-36,-36,-36,-35,-34
PCM,-36,-35,-35,-35,-37,-38,-37,-37,-36,-37,-37,-39,-37,-38,-42,-39
PCM,-39,-41,-41,-40,-38,-38,-38,-36,-35,-37,-37,-35,-34,-34,-33,-34
PCM,-32,-36,-37,-36,-33,-32,-35,-34,-35,-32,-33,-34,-34,-34,-32,-30
PCM,-29,-29,-30,-28,-29,-29,-28,-29,-27,-26,-25,-24,-27,-22,-25,-24
PCM,-24,-27,-27,-25,-26,-26,-26,-25,-27,-26,-26,-26,-25,-24,-24,-27
PCM,-24,-28,-26,-27,-29,-27,-28,-29,-30,-28,-31,-32,-33,-34,-32,-32
PCM,-33,-32,-33,-31,-34,-33,-32,-32,-31,-32,-32,-31,-31,-30,-29,-31
PCM,-30,-29,-28,-29,-27,-26,-28,-26,-28,-26,-27,-26,-27,-26,-28,-28
PCM,-27,-27,-26,-28,-30,-30,-31,-31,-29,-31,-31,-31,-31,-33,-33,-32
PCM,-31,-32,-32,-31,-29,-32,-34,-34,-33,-36,-36,-35,-34,-34,-33,-33
PCM,-34,-35,-35,-33,-32,-33,-35,-36,-33,-34,-32,-33,-34,-35,-36,-35
PCM,-35,-33,-32,-32,-32,-29,-31,-28,-25,-25,-28,-27,-25,-24,-22,-24
PCM,-23,-26,-27,-28,-27,-26,-27,-27,-26,-27,-28,-28,-29,-30,-30,-33
PCM,-33,-32,-32,-33,-33,-35,-34,-32,-33,-34,-36,-37,-37,-36,-36,-35
PCM,-38,-38,-36,-34,-36,-36,-36,-35,-34,-37,-37,-37,-39,-37,-38,-41
PCM,-41,-39,-41,-38,-37,-37,-36,-36,-38,-40,-39,-38,-37,-37,-37,-38
PCM,-37,-40,-39,-38,-38,-35,-38,-36,-35,-35,-36,-34,-33,-34,-30,-28
PCM,-30,-32,-33,-32,-32,-32,-29,-31,-32,-36,-35,-35,-35,-37,-37,-34
PCM,-37,-39,-39,-40,-40,-39,-39,-36,-39,-40,-39,-38,-36,-40,-39,-37
PCM,-37,-36,-36,-33,-36,-32,-33,-32,-31,-32,-32,-31,-30,-29,-27,-27
PCM,-28,-31,-30,-29,-29,-28,-28,-28,-27,-27,-30,-27,-26,-29,-29,-28
PCM,-26,-27,-27,-24,-23,-27,-27,-25,-25,-27,-27,-28,-25,-29,-29,-28
PCM,-29,-28,-30,-28,-28,-31,-32,-30,-30,-31,-32,-35,-33,-33,-34,-37
PCM,-36,-35,-34,-34,-34,-35,-37,-36,-38,-38,-36,-33,-34,-36,-36,-35
PCM,-36,-36,-33,-33,-34,-32,-33,-35,-34,-35,-35,-35,-36,-36,-35,-36
PCM,-36,-36,-34,-32,-34,-33,-34,-31,-33,-34,-31,-33,-32,-33,-31,-33
PCM,-35,-35,-38,-32,-33,-35,-36,-37,-36,-36,-37,-35,-36,-35,-36,-37
PCM,-38,-34,-36,-36,-38,-37,-38,-36,-36,-37,-35,-36,-35,-36,-35,-33
PCM,-33,-31,-32,-33,-35,-34,-33,-33,-33,-35,-34,-31,-30,-29,-30,-29
PCM,-29,-29,-29,-28,-28,-28,-28,-28,-28,-25,-27,-25,-23,-23,-25,-26
PCM,-25,-25,-24,-25,-28,-28,-28,-28,-27,-24,-26,-26,-24,-25,-23,-24
PCM,-25,-28,-28,-28,-32,-33,-34,-38,-36,-38,-40,-42,-43,-46,-46,-48
PCM,-49,-48,-49,-49,-50,-49,-50,-48,-48,-47,-45,-44,-44,-45,-43,-43
PCM,-42,-40,-40,-39,-41,-42,-38,-36,-35,-34,-34,-35,-34,-33,-32,-30
PCM,-30,-31,-26,-28,-28,-28,-29,-26,-26,-28,-29,-28,-30,-29,-27,-28
PCM,-29,-32,-33,-30,-31,-31,-30,-30,-31,-33,-32,-30,-31,-33,-31,-32
PCM,-31,-32,-32,-32,-30,-31,-31,-29,-29,-29,-27,-28,-26,-25,-25,-24
PCM,-25,-23,-23,-22,-20,-20,-21,-21,-22,-21,-21,-19,-21,-20,-18,-17
PCM,-18,-16,-19,-20,-22,-23,-20,-23,-21,-24,-24,-26,-26,-30,-32,-30
PCM,-31,-31,-30,-30,-32,-34,-36,-34,-35,-35,-34,-37,-36,-37,-37,-39
PCM,-36,-41,-41,-41,-41,-41,-42,-41,-44,-45,-45,-43,-46,-47,-45,-46
PCM,-45,-45,-44,-44,-44,-47,-46,-47,-46,-46,-45,-46,-46,-47,-48,-47
PCM,-50,-48,-46,-45,-46,-43,-42,-42,-44,-41,-40,-37,-35,-35,-32,-33
PCM,-27,-26,-23,-22,-18,-18,-15,-14,-11,-12,-8,-8,-5,-4,-2,-1
PCM,-1,0,1,1,0,0,2,3,0,1,1,-1,-3,-4,-5,-8
PCM,-9,-12,-13,-16,-17,-20,-20,-19,-21,-24,-29,-28,-31,-32,-33,-36
PCM,-39,-44,-48,-44,-47,-48,-49,-50,-50,-48,-51,-51,-51,-51,-48,-48
PCM,-46,-48,-45,-46,-47,-46,-47,-46,-47,-47,-50,-51,-48,-50,-49,-51
PCM,-51,-54,-56,-58,-59,-60,-62,-61,-61,-61,-63,-66,-62,-62,-64,-64
PCM,-69,-65,-66,-65,-69,-72,-72,-76,-79,-80,-80,-81,-82,-80,-78,-75
PCM,-72,-67,-57,-51,-44,-32,-18,-7,1,13,24,35,43,50,60,66
PCM,70,75,74,71,73,70,66,58,47,41,34,26,15,9,1,-7
PCM,-15,-24,-27,-32,-37,-42,-47,-47,-52,-51,-53,-52,-49,-50,-47,-49
PCM,-46,-42,-39,-36,-31,-31,-27,-25,-18,-15,-13,-9,-8,-2,0,2
PCM,3,5,7,10,9,11,12,13,11,11,12,13,10,10,9,8
PCM,7,6,6,3,-1,-5,-5,-8,-12,-15,-17,-21,-25,-32,-36,-42
PCM,-48,-51,-55,-63,-66,-73,-77,-82,-85,-86,-88,-90,-91,-90,-87,-84
PCM,-81,-78,-74,-68,-66,-58,-55,-50,-47,-42,-40,-38,-36,-35,-33,-35
PCM,-40,-40,-46,-48,-53,-60,-67,-75,-81,-88,-96,-104,-109,-115,-124,-130
PCM,-133,-135,-138,-143,-140,-140,-137,-131,-128,-117,-104,-94,-82,-69,-49,-33
PCM,-14,2,21,38,51,67,79,87,96,102,106,107,105,102,96,90
PCM,80,69,58,42,29,12,-3,-15,-30,-42,-59,-71,-81,-89,-97,-102
PCM,-107,-111,-114,-113,-113,-108,-106,-100,-98,-93,-85,-79,-71,-66,-57,-51
PCM,-44,-38,-32,-23,-16,-11,-4,-1,6,10,13,18,18,22,25,25
PCM,24,27,29,25,27,25,26,23,22,22,21,20,17,16,18,15
PCM,13,8,6,4,-4,-6,-12,-18,-23,-29,-35,-42,-49,-55,-63,-66
PCM,-71,-73,-78,-79,-80,-81,-78,-78,-76,-74,-73,-69,-64,-63,-57,-53
PCM,-44,-41,-38,-36,-32,-28,-24,-26,-27,-31,-32,-33,-38,-46,-53,-58
PCM,-67,-74,-85,-94,-102,-112,-119,-129,-136,-142,-148,-153,-155,-158,-156,-162
PCM,-161,-159,-156,-150,-144,-131,-123,-110,-95,-75,-53,-34,-14,9,29,54
PCM,71,89,102,118,129,136,141,141,140,138,127,122,107,93,77,58
PCM,42,20,6,-12,-31,-53,-69,-82,-98,-107,-118,-125,-128,-133,-130,-129
PCM,-126,-120,-116,-107,-99,-90,-75,-67,-53,-42,-28,-16,-3,5,19,29
PCM,38,45,53,60,65,71,75,79,80,79,76,76,70,68,63,57
PCM,49,43,35,29,24,18,11,3,-1,-7,-13,-17,-22,-27,-29,-33
PCM,-36,-39,-42,-46,-52,-52,-53,-57,-59,-60,-60,-60,-59,-59,-56,-55
PCM,-58,-51,-48,-47,-46,-43,-40,-37,-34,-32,-30,-30,-29,-30,-27,-28
PCM,-28,-32,-35,-38,-42,-50,-52,-61,-65,-72,-78,-86,-91,-96,-108,-112
PCM,-116,-121,-130,-132,-137,-143,-143,-141,-142,-140,-141,-142,-137,-136,-130,-125
PCM,-112,-99,-89,-73,-59,-36,-11,7,25,47,75,97,113,130,143,157
PCM,165,170,171,166,160,147,135,121,100,81,58,35,10,-16,-34,-59
PCM,-80,-106,-123,-133,-150,-159,-168,-171,-170,-173,-164,-160,-151,-137,-122,-104
PCM,-89,-72,-51,-34,-15,-1,19,38,54,67,80,91,101,107,107,109
PCM,111,113,110,103,96,89,77,63,53,43,31,16,-1,-12,-24,-37
PCM,-48,-56,-65,-71,-78,-75,-77,-78,-76,-71,-64,-58,-54,-47,-40,-32
PCM,-27,-19,-15,-9,-6,-4,0,0,2,-2,-3,-4,-8,-9,-16,-18
PCM,-25,-32,-38,-45,-48,-56,-61,-65,-72,-75,-79,-84,-87,-91,-94,-95
PCM,-95,-94,-96,-95,-95,-95,-94,-96,-95,-95,-95,-98,-96,-98,-100,-102
PCM,-105,-108,-110,-110,-114,-114,-115,-117,-115,-113,-100,-88,-78,-69,-60,-32
PCM,-10,12,29,46,78,96,115,130,138,155,156,158,152,144,139,119
PCM,100,76,52,35,3,-26,-60,-81,-99,-123,-141,-170,-177,-185,-193,-201
PCM,-203,-194,-187,-179,-166,-151,-130,-113,-93,-70,-49,-23,0,21,41,59
PCM,84,97,111,122,126,136,136,138,129,119,113,100,85,66,50,30
PCM,9,-14,-35,-47,-68,-85,-100,-110,-118,-123,-123,-125,-116,-109,-99,-84
PCM,-71,-53,-39,-22,-4,8,27,37,46,53,56,59,58,55,46,35
PCM,30,17,4,-8,-21,-36,-53,-65,-78,-87,-99,-109,-119,-124,-129,-135
PCM,-133,-133,-131,-128,-123,-113,-104,-99,-92,-83,-72,-60,-52,-45,-41,-37
PCM,-36,-31,-34,-37,-41,-53,-57,-71,-84,-95,-108,-117,-133,-144,-154,-160
PCM,-166,-173,-177,-175,-169,-144,-126,-110,-95,-69,-23,5,39,64,98,138
PCM,157,178,189,197,204,198,190,174,152,130,98,67,31,-2,-30,-69
PCM,-100,-140,-159,-175,-198,-209,-233,-226,-221,-220,-213,-206,-179,-159,-144,-117
PCM,-90,-52,-30,1,31,62,94,115,143,157,173,191,198,204,192,188
PCM,180,161,146,116,91,63,30,2,-32,-54,-80,-106,-121,-134,-139,-149
PCM,-145,-137,-130,-111,-95,-70,-45,-24,6,25,56,73,88,112,118,127
PCM,130,130,122,113,104,85,67,49,26,5,-19,-42,-59,-78,-93,-111
PCM,-126,-133,-138,-142,-147,-145,-141,-135,-126,-115,-107,-95,-82,-66,-53,-43
PCM,-29,-16,-3,3,13,18,26,29,24,21,10,1,-11,-31,-45,-70
PCM,-93,-115,-136,-152,-173,-188,-201,-214,-213,-218,-208,-200,-190,-171,-150,-112
PCM,-70,-33,0,25,78,121,149,180,194,226,236,232,228,208,200,164
PCM,134,99,61,29,-18,-57,-95,-128,-143,-176,-190,-208,-220,-207,-215,-205
PCM,-206,-188,-155,-145,-124,-102,-73,-39,-23,4,29,57,83,97,124,137
PCM,158,169,169,168,162,162,149,128,109,78,58,28,-5,-35,-69,-90
PCM,-113,-134,-142,-155,-149,-145,-139,-120,-101,-77,-55,-28,4,28,57,79
PCM,95,114,120,130,129,125,118,101,91,73,56,36,14,0,-23,-38
PCM,-58,-77,-84,-96,-101,-107,-110,-112,-112,-106,-107,-102,-96,-93,-86,-81
PCM,-76,-72,-67,-63,-61,-54,-44,-41,-35,-34,-29,-26,-20,-20,-28,-28
PCM,-33,-38,-50,-68,-81,-102,-121,-143,-163,-181,-194,-207,-216,-216,-212,-202
PCM,-189,-178,-162,-141,-118,-93,-77,-55,-27,11,46,62,73,88,120,143
PCM,143,145,137,157,148,126,108,83,70,40,13,-19,-48,-67,-96,-119
PCM,-131,-139,-142,-153,-150,-149,-138,-119,-117,-108,-99,-70,-51,-46,-32,-23
PCM,7,23,29,37,52,69,79,91,99,97,101,103,98,89,80,75
PCM,57,37,21,0,-13,-33,-55,-68,-76,-78,-81,-80,-71,-64,-42,-26
PCM,-11,6,19,30,48,65,66,67,70,70,66,61,52,44,34,33
PCM,23,22,16,8,4,2,2,-4,-14,-20,-32,-38,-45,-52,-68,-80
PCM,-84,-91,-95,-105,-111,-111,-103,-95,-89,-81,-77,-65,-54,-48,-45,-41
PCM,-36,-33,-30,-33,-37,-40,-43,-54,-60,-68,-79,-89,-102,-116,-132,-143
PCM,-156,-170,-176,-186,-185,-190,-181,-174,-169,-150,-138,-119,-104,-89,-70,-65
PCM,-51,-41,-27,1,28,51,60,72,106,131,142,134,136,145,139,122
PCM,87,56,17,-4,-27,-65,-100,-119,-122,-127,-133,-127,-119,-103,-86,-75
PCM,-55,-39,-29,-27,-23,-10,-6,-7,-16,-17,5,20,22,26,40,60
PCM,73,90,96,92,95,94,91,74,50,32,11,-5,-31,-43,-52,-67
PCM,-71,-66,-59,-49,-48,-28,-13,10,31,34,41,44,49,52,49,45
PCM,38,38,36,40,39,36,36,40,45,47,43,41,37,28,21,5
PCM,-9,-24,-39,-59,-73,-80,-91,-96,-98,-96,-89,-80,-71,-68,-60,-47
PCM,-38,-39,-41,-46,-49,-50,-50,-58,-69,-72,-65,-61,-62,-60,-57,-47
PCM,-53,-62,-69,-81,-86,-104,-122,-154,-176,-183,-194,-198,-212,-208,-196,-172
PCM,-145,-134,-112,-87,-57,-31,-32,-22,-18,-5,6,-8,3,12,34,54
PCM,57,88,95,120,124,120,123,104,100,67,37,7,-25,-39,-67,-85
PCM,-91,-95,-78,-76,-62,-50,-35,-12,-13,-7,-5,-5,-8,-24,-20,-26
PCM,-25,-22,-20,-1,7,25,37,51,66,68,78,79,66,61,48,40
PCM,24,11,-1,-14,-8,-10,-13,-13,-14,-7,-9,-4,-2,-3,1,2
PCM,10,18,20,26,35,44,49,53,55,52,50,51,48,40,31,24
PCM,17,15,15,13,11,9,14,10,7,0,-10,-16,-28,-36,-46,-54
PCM,-66,-70,-68,-66,-65,-58,-53,-46,-42,-43,-45,-52,-51,-61,-70,-84
PCM,-97,-106,-107,-101,-94,-87,-84,-73,-66,-63,-65,-71,-85,-100,-119,-145
PCM,-174,-194,-204,-201,-197,-194,-185,-169,-148,-122,-97,-75,-56,-37,-21,-23
PCM,-35,-42,-44,-43,-49,-47,-28,-1,25,44,71,89,110,116,109,99
PCM,88,81,47,17,-14,-31,-48,-66,-75,-77,-60,-48,-36,-34,-29,-18
PCM,-12,-19,-36,-37,-39,-42,-48,-50,-40,-27,-14,-3,12,28,45,53
PCM,51,42,53,48,35,28,22,27,20,16,10,11,25,19,22,15
PCM,8,3,-5,-10,-21,-20,-23,-21,-10,1,13,31,39,50,59,68
PCM,56,47,38,27,26,15,5,4,10,13,17,25,27,30,35,31
PCM,20,13,1,-14,-24,-36,-53,-56,-59,-58,-51,-46,-44,-38,-28,-33
PCM,-40,-45,-53,-56,-63,-72,-80,-77,-68,-71,-72,-68,-60,-49,-45,-47
PCM,-53,-62,-80,-101,-116,-139,-154,-158,-162,-158,-153,-137,-129,-122,-104,-97
PCM,-91,-101,-112,-108,-97,-92,-105,-103,-91,-71,-52,-51,-33,-8,34,60
PCM,70,84,86,111,109,93,76,64,59,39,27,10,1,-2,-9,-15
PCM,-17,-23,-23,-28,-23,-20,-28,-26,-32,-27,-24,-21,-13,-14,-3,0
PCM,15,10,6,17,19,23,18,15,20,29,34,35,50,60,62,62
PCM,66,61,55,38,25,16,6,3,-11,-11,-15,-2,-2,-2,4,10
PCM,26,33,39,30,35,41,38,27,27,32,26,29,24,29,39,36
PCM,36,36,35,35,34,28,14,13,11,4,1,1,-5,-7,-6,-6
PCM,-12,-9,-12,-20,-17,-21,-23,-32,-42,-46,-48,-44,-50,-57,-61,-56
PCM,-57,-64,-71,-66,-56,-46,-40,-46,-49,-58,-60,-67,-79,-99,-123,-134
PCM,-143,-136,-141,-147,-146,-142,-119,-114,-107,-112,-112,-104,-105,-97,-114,-105
PCM,-91,-83,-56,-52,-39,-42,-20,13,35,53,51,58,81,90,77,69
PCM,56,59,48,55,36,15,12,-4,5,-10,-21,-34,-42,-39,-49,-40
PCM,-45,-53,-56,-49,-44,-40,-34,-37,-23,-14,-7,-16,-8,-1,5,10
PCM,13,17,16,32,31,38,47,51,52,44,46,36,30,28,18,6
PCM,9,8,10,12,9,7,9,20,9,10,17,23,29,37,42,42
PCM,47,45,41,50,48,37,35,40,44,44,48,37,34,35,37,36
PCM,29,19,16,21,13,2,-12,-12,-14,-16,-24,-32,-32,-38,-40,-46
PCM,-49,-55,-60,-66,-70,-68,-62,-60,-54,-50,-46,-52,-56,-63,-64,-59
PCM,-54,-61,-73,-69,-72,-66,-75,-71,-89,-105,-121,-141,-137,-144,-138,-144
PCM,-140,-125,-133,-126,-137,-134,-124,-121,-110,-105,-89,-85,-71,-62,-53,-47
PCM,-37,-33,-24,7,27,43,53,50,53,55,53,50,34,32,29,23
PCM,19,-1,-13,-9,-13,-15,-29,-34,-40,-46,-43,-46,-49,-46,-40,-43
PCM,-36,-28,-21,-15,-12,-7,1,2,3,4,5,8,13,20,24,23
PCM,35,42,48,47,48,44,42,39,32,20,18,21,10,13,20,22
PCM,16,15,17,19,23,20,21,28,35,39,39,37,38,45,51,44
PCM,42,47,47,43,40,36,32,38,33,21,18,22,22,19,16,14
PCM,6,-2,-7,-19,-25,-34,-41,-47,-44,-42,-51,-58,-60,-56,-48,-50
PCM,-59,-61,-53,-47,-49,-56,-61,-63,-65,-69,-74,-73,-63,-61,-53,-55
PCM,-58,-55,-47,-47,-66,-101,-135,-158,-167,-163,-163,-155,-137,-131,-118,-120
PCM,-117,-127,-119,-95,-75,-69,-71,-58,-55,-30,-27,-26,-21,-15,-3,6
PCM,29,37,42,64,86,86,88,75,67,69,59,47,21,14,-5,-22
PCM,-21,-18,-15,-16,-18,-29,-28,-24,-24,-36,-39,-32,-26,-15,-13,-8
PCM,0,18,23,34,36,40,42,42,39,37,47,52,55,57,68,71
PCM,74,73,60,56,53,54,44,42,37,39,40,40,30,23,30,27
PCM,21,24,28,34,38,46,48,46,53,56,57,58,57,46,42,38
PCM,39,44,43,44,45,44,41,39,34,20,14,7,-7,-21,-26,-32
PCM,-39,-37,-28,-23,-24,-29,-30,-33,-31,-31,-39,-44,-43,-36,-34,-32
PCM,-33,-37,-38,-36,-36,-48,-56,-56,-49,-46,-43,-44,-48,-51,-59,-69
PCM,-89,-109,-125,-152,-168,-175,-170,-157,-148,-135,-132,-124,-111,-108,-110,-110
PCM,-99,-85,-70,-68,-74,-59,-46,-28,-23,-5,16,30,51,49,56,61
PCM,78,79,78,73,67,65,48,33,2,1,1,-6,-16,-23,-19,-9
PCM,-12,-25,-33,-37,-31,-35,-36,-29,-20,-3,5,3,8,15,21,26
PCM,24,30,34,39,46,40,42,45,51,53,52,55,54,54,41,31
PCM,20,21,22,15,11,5,7,2,-3,-6,-5,0,7,12,17,19
PCM,13,13,9,12,14,14,19,21,29,35,37,38,33,33,30,31
PCM,26,22,21,17,12,7,1,-14,-23,-28,-28,-36,-39,-44,-46,-42
PCM,-36,-35,-34,-36,-40,-41,-41,-45,-46,-51,-51,-51,-50,-46,-44,-40
PCM,-36,-33,-35,-40,-44,-41,-35,-39,-48,-54,-60,-71,-86,-103,-122,-118
PCM,-128,-133,-150,-147,-144,-149,-143,-152,-132,-119,-94,-87,-97,-92,-79,-60
PCM,-44,-32,-24,-9,0,11,8,14,33,40,60,62,83,95,88,79
PCM,54,47,44,42,22,2,-6,-2,4,-4,-15,-38,-40,-40,-40,-36
PCM,-41,-33,-36,-34,-29,-26,-19,-9,-4,-2,5,9,15,14,11,21
PCM,32,46,54,54,56,48,47,44,37,38,31,31,28,32,31,29
PCM,20,13,5,3,-1,2,-3,-6,-7,3,17,19,22,18,16,20
PCM,25,25,27,30,33,38,41,45,47,45,38,33,28,26,21,12
PCM,4,4,8,3,-3,-14,-26,-36,-39,-37,-40,-42,-45,-51,-45,-39
PCM,-30,-30,-37,-39,-36,-33,-33,-35,-37,-34,-26,-26,-26,-28,-28,-28
PCM,-20,-17,-14,-13,-20,-40,-58,-69,-68,-60,-61,-69,-86,-93,-93,-99
PCM,-105,-113,-104,-104,-101,-101,-91,-72,-64,-57,-57,-51,-36,-19,-7,1
PCM,9,29,34,36,36,34,55,76,97,92,83,77,66,67,44,32
PCM,28,27,36,20,7,-6,-8,-5,-11,-21,-32,-37,-33,-22,-25,-22
PCM,-15,-11,-5,-6,0,-1,8,16,22,24,29,35,37,45,53,62
PCM,63,58,52,37,36,38,35,39,38,44,43,38,31,18,9,9
PCM,9,10,9,8,9,12,23,28,25,24,28,29,33,34,33,31
PCM,33,40,42,43,47,44,47,51,50,51,47,44,36,29,22,18
PCM,13,10,8,-1,-5,-8,-6,-8,-14,-16,-23,-19,-8,0,9,6
PCM,6,9,2,-4,-10,-10,-2,11,18,14,6,-1,1,6,10,6
PCM,-2,-6,-12,-16,-17,-21,-31,-48,-66,-80,-88,-86,-70,-59,-61,-71
PCM,-86,-93,-99,-91,-85,-75,-70,-55,-37,-31,-25,-21,-15,-1,7,16
PCM,18,18,32,46,67,80,72,69,57,56,60,49,39,25,18,25
PCM,26,30,20,-5,-14,-23,-22,-24,-36,-37,-29,-18,-1,-1,-1,-3
PCM,-5,6,14,10,6,8,20,36,44,45,42,40,43,47,46,51
PCM,49,51,53,50,50,39,29,28,25,21,8,0,5,10,12,12
PCM,4,-5,-3,2,7,6,6,16,28,33,29,19,20,24,30,38
PCM,34,31,31,37,44,41,32,26,21,23,24,20,14,9,6,1
PCM,-1,-7,-9,-13,-14,-13,-12,-8,-8,-9,-9,-16,-16,-19,-21,-19
PCM,-16,-15,-17,-15,-12,-9,-12,-11,-17,-15,-14,-11,-11,-9,-12,-15
PCM,-18,-26,-34,-41,-43,-37,-43,-51,-61,-75,-76,-82,-80,-82,-86,-82
PCM,-89,-90,-92,-92,-84,-73,-61,-57,-62,-64,-58,-44,-29,-22,-23,-24
PCM,-16,-4,1,4,0,-8,-11,-9,5,25,43,52,45,30,17,5
PCM,0,-6,-8,-4,2,8,1,-13,-29,-36,-30,-21,-17,-18,-22,-18
PCM,-3,13,19,15,12,9,17,25,32,32,34,36,42,48,49,46
PCM,46,49,50,46,46,45,44,50,55,60,56,51,43,41,40,40
PCM,39,40,40,41,38,37,34,34,34,32,32,35,41,44,43,39
PCM,31,28,31,36,37,36,33,32,31,33,34,26,21,18,17,17
PCM,14,13,10,8,9,7,4,-6,-10,-11,-7,-3,-4,-6,-13,-15
PCM,-10,-4,-4,-5,-8,-9,-7,-3,-2,-1,-4,-2,-4,-7,-11,-12
PCM,-14,-11,-11,-18,-26,-33,-32,-28,-24,-31,-39,-54,-60,-62,-54,-47
PCM,-46,-46,-49,-51,-53,-54,-54,-58,-57,-51,-41,-34,-32,-29,-31,-22
PCM,-14,-9,-7,-6,-1,8,24,37,42,42,39,35,39,41,44,44
PCM,44,46,50,55,53,52,47,42,43,42,39,37,36,34,34,39
PCM,39,34,33,32,34,35,34,34,36,46,52,59,60,61,64,66
PCM,68,71,72,72,75,80,78,79,78,77,73,67,63,61,55,54
PCM,55,55,54,50,44,35,29,25,22,19,22,20,16,20,15,17
PCM,15,16,16,11,16,17,23,23,23,24,24,22,20,19,20,19
PCM,18,13,12,14,14,12,13,10,4,-1,0,-6,-9,-10,-15,-15
PCM,-15,-9,-14,-16,-16,-19,-19,-19,-21,-20,-17,-13,-10,-9,-13,-14
PCM,-14,-14,-12,-11,-15,-17,-19,-19,-19,-21,-29,-31,-35,-31,-30,-32
PCM,-37,-42,-44,-41,-35,-36,-34,-40,-37,-34,-30,-25,-27,-23,-20,-16
PCM,-12,-7,-2,0,4,10,16,19,23,24,28,35,43,44,47,50
PCM,52,56,62,66,61,60,61,65,64,67,62,62,60,65,63,61
PCM,61,54,53,54,59,59,57,55,56,57,60,58,58,57,59,62
PCM,63,62,62,63,62,64,64,66,65,64,59,59,57,57,52,54
PCM,51,53,52,51,50,46,42,44,43,39,36,33,28,22,20,17
PCM,16,12,13,8,6,2,1,-1,-4,-9,-12,-13,-15,-17,-17,-22
PCM,-24,-28,-30,-32,-35,-35,-38,-34,-41,-45,-53,-57,-54,-52,-51,-51
PCM,-51,-56,-63,-69,-70,-73,-71,-66,-67,-70,-70,-63,-59,-55,-56,-53
PCM,-48,-43,-34,-25,-17,-12,-2,13,22,25,36,38,45,52,65,73
PCM,81,87,89,91,96,97,96,95,93,93,91,91,90,89,82,73
PCM,70,63,59,51,47,46,40,38,40,36,35,34,33,31,35,33
PCM,38,39,42,45,51,53,58,59,58,59,62,66,65,68,68,70
PCM,69,66,66,62,53,51,50,45,43,41,35,28,25,24,21,15
PCM,12,12,12,12,13,10,10,9,11,9,8,10,13,15,15,16
PCM,17,16,18,16,14,15,19,18,17,14,14,14,15,14,12,11
PCM,11,9,12,12,8,7,3,5,4,2,6,4,5,8,10,11
PCM,11,12,14,13,16,19,20,19,23,23,25,25,26,23,25,24
PCM,26,27,26,25,24,26,26,25,26,26,25,24,22,23,23,23
PCM,25,23,21,18,20,17,21,21,21,21,20,21,21,19,18,19
PCM,21,21,23,23,20,22,18,19,13,20,19,21,20,21,20,19
PCM,20,17,14,13,16,18,21,21,23,21,23,19,22,23,26,28
PCM,29,31,32,32,37,32,35,37,39,41,42,43,40,42,44,46
PCM,49,49,49,47,49,50,50,55,56,57,61,58,58,59,58,57
PCM,58,58,57,61,63,61,62,59,57,57,53,51,51,50,52,50
PCM,49,45,43,40,39,36,34,36,34,32,33,28,26,23,21,20
PCM,20,16,15,15,10,12,9,9,11,5,3,1,-2,-4,-6,-5
PCM,-7,-7,-6,-10,-10,-13,-16,-17,-15,-12,-16,-19,-22,-22,-20,-20
PCM,-21,-19,-22,-26,-23,-20,-17,-19,-22,-22,-19,-16,-11,-7,-7,-3
PCM,-3,2,3,6,7,7,12,16,17,21,23,25,27,28,37,37
PCM,41,41,44,47,49,56,60,60,59,60,60,65,65,72,71,74
PCM,74,81,80,83,84,82,84,88,90,91,93,92,91,91,92,90
PCM,89,85,88,88,83,84,85,83,80,78,77,76,72,71,71,69
PCM,69,65,66,63,62,60,59,55,55,52,52,48,48,46,44,43
PCM,39,38,37,34,32,25,23,25,23,19,10,10,5,1,1,0
PCM,-2,0,-1,-2,-4,-11,-15,-17,-18,-19,-23,-25,-25,-26,-29,-32
PCM,-34,-36,-36,-36,-35,-38,-37,-36,-36,-34,-34,-38,-41,-42,-36,-35
PCM,-31,-28,-29,-30,-32,-30,-25,-17,-15,-8,-9,-4,-1,4,10,15
PCM,20,23,28,34,42,48,55,57,62,65,70,74,76,85,91,99
PCM,99,104,100,103,105,112,114,114,109,109,106,107,107,103,100,97
PCM,94,87,86,84,80,79,77,72,67,66,63,62,58,60,56,55
PCM,54,53,53,53,56,55,55,50,52,53,55,56,56,55,54,53
PCM,51,48,49,51,47,45,44,43,40,39,37,35,33,31,29,27
PCM,24,26,27,22,25,23,23,24,25,24,25,30,28,28,29,31
PCM,32,32,31,32,34,36,37,40,38,40,40,40,40,38,36,35
PCM,34,35,33,33,34,32,32,32,31,28,30,29,32,34,36,35
PCM,31,30,33,32,33,32,32,31,31,31,29,32,30,27,26,26
PCM,25,24,20,22,20,19,19,16,11,8,7,10,12,14,11,5
PCM,6,8,10,10,11,10,9,12,14,17,19,17,19,19,20,25
PCM,27,30,31,33,33,33,38,38,39,40,43,47,47,49,49,47
PCM,49,50,48,52,51,53,51,54,55,54,56,57,58,58,62,64
PCM,61,61,66,69,70,73,75,75,74,79,83,82,83,84,86,88
PCM,91,93,92,90,88,89,88,88,87,86,87,87,86,86,86,80
PCM,74,76,78,76,78,72,71,68,68,67,63,59,56,55,50,54
PCM,55,49,45,44,39,36,37,37,32,29,29,30,25,25,22,15
PCM,12,14,14,11,8,6,2,3,5,5,2,-2,-5,-8,-7,-5
PCM,-4,-7,-6,-7,-8,-5,-4,-7,-5,-9,-6,-5,1,1,-1,3
PCM,4,6,5,4,8,6,10,15,19,17,15,14,18,21,28,33
PCM,33,31,33,32,38,41,48,48,49,52,58,64,70,73,76,79
PCM,82,84,87,94,99,101,101,105,107,108,110,115,116,116,119,121
PCM,117,114,112,111,111,112,112,108,104,103,102,101,96,94,90,83
PCM,84,84,85,83,83,78,74,74,73,70,70,70,67,65,63,64
PCM,60,58,60,59,54,54,51,51,49,51,48,43,40,38,32,33
PCM,33,30,24,23,22,19,18,18,15,13,14,14,10,9,11,8
PCM,8,8,6,6,5,7,8,5,6,3,1,0,1,2,2,-1
PCM,0,0,0,2,5,1,-1,-1,-3,-1,6,5,6,5,9,9
PCM,9,9,11,13,17,24,25,26,28,24,31,36,39,42,45,44
PCM,47,52,57,60,58,57,60,63,66,73,81,82,80,82,82,87
PCM,90,91,92,95,98,99,100,102,101,101,101,103,105,101,99,100
PCM,96,97,96,98,95,92,90,89,91,88,85,80,77,77,78,79
PCM,77,72,65,64,68,68,67,67,65,61,62,65,65,64,61,59
PCM,57,56,55,56,56,53,52,50,51,49,49,46,47,47,50,46
PCM,47,42,42,42,40,41,41,37,37,36,36,35,36,31,30,27
PCM,27,24,25,28,28,28,24,22,22,20,20,23,22,23,22,20
PCM,19,18,19,18,18,17,16,17,17,18,18,16,23,23,20,17
PCM,15,15,12,17,22,23,23,18,18,15,17,20,22,24,27,27
PCM,29,30,31,28,27,30,31,32,35,42,44,47,47,51,51,54
PCM,54,57,63,69,69,70,73,71,72,74,82,83,81,83,83,83
PCM,86,90,93,90,87,85,86,87,86,83,79,77,73,73,73,74
PCM,71,68,70,68,68,68,67,64,66,67,69,66,69,68,69,69
PCM,72,74,73,72,76,77,77,80,76,77,76,79,74,79,79,77
PCM,75,73,72,69,68,68,67,63,61,61,59,59,60,57,55,58
PCM,56,53,55,56,54,53,52,51,49,50,52,49,51,48,45,44
PCM,46,45,42,39,37,35,33,33,31,27,25,27,22,18,17,17
PCM,14,17,14,14,14,13,13,10,14,13,16,12,9,9,11,14
PCM,19,18,14,12,10,14,18,21,23,24,19,19,19,19,20,20
PCM,21,18,20,21,21,21,20,23,22,24,31,32,35,36,36,37
PCM,39,45,46,52,55,55,62,62,66,67,67,73,71,78,81,80
PCM,80,81,83,85,86,84,84,79,81,79,84,80,77,79,79,77
PCM,79,80,78,71,71,71,71,72,71,71,72,70,70,71,73,72
PCM,76,74,75,74,74,75,77,74,74,75,71,70,70,71,67,68
PCM,66,63,62,62,62,62,62,60,58,57,55,56,52,51,49,53
PCM,54,53,51,48,46,47,48,47,45,44,46,45,44,40,37,32
PCM,37,37,37,37,36,34,33,32,30,27,27,26,28,26,25,22
PCM,18,19,18,19,19,19,17,14,15,15,14,14,13,10,11,8
PCM,10,10,9,6,3,6,5,8,10,9,11,12,13,15,22,25
PCM,27,31,32,35,32,36,41,46,48,54,56,57,57,62,63,66
PCM,72,75,76,77,81,83,86,87,82,81,82,82,81,81,84,82
PCM,79,73,69,72,68,72,67,68,68,66,65,65,63,62,62,68
PCM,70,65,66,66,69,68,70,71,74,74,74,71,75,75,78,74
PCM,74,77,74,75,74,77,76,74,74,71,73,73,72,75,73,71
PCM,71,71,70,71,69,70,69,69,68,65,65,66,67,66,65,65
PCM,62,60,60,58,56,56,57,62,59,56,54,54,52,55,66,65
PCM,64,54,48,50,53,53,52,47,45,44,42,36,29,25,26,26
PCM,26,25,27,27,24,20,16,17,16,22,26,30,31,31,29,29
PCM,27,26,30,32,35,37,36,33,31,26,26,26,27,26,24,29
PCM,32,35,32,29,27,25,25,31,35,42,43,45,46,45,45,45
PCM,49,53,60,60,67,67,67,64,63,63,68,66,69,68,71,71
PCM,72,70,65,63,60,60,60,57,61,63,60,61,56,54,53,58
PCM,60,61,64,71,70,67,67,70,67,65,67,75,78,77,77,77
PCM,74,76,79,77,76,77,80,74,75,73,70,69,68,69,66,66
PCM,68,63,63,62,61,56,57,53,51,52,54,55,49,48,43,41
PCM,42,46,43,41,41,44,44,43,39,36,33,29,32,33,33,34
PCM,33,26,23,20,16,10,13,13,16,19,17,13,7,4,1,1
PCM,2,5,6,5,6,3,2,1,0,1,4,5,10,13,14,10
PCM,8,9,16,20,18,21,20,23,19,22,22,22,21,25,28,31
PCM,35,36,33,34,37,39,40,45,48,46,47,46,48,51,50,53
PCM,60,61,63,64,66,65,68,72,75,72,72,70,72,72,74,76
PCM,78,77,76,75,76,75,76,78,77,81,81,82,82,83,82,81
PCM,82,82,84,80,78,80,78,75,77,78,76,74,75,76,77,77
PCM,77,72,72,72,69,71,69,66,64,61,57,55,54,53,51,49
PCM,50,51,52,52,50,50,49,49,48,50,46,46,47,47,48,47
PCM,49,47,45,44,41,39,38,39,41,39,37,36,31,32,31,34
PCM,34,35,36,39,39,39,36,31,31,30,30,34,35,39,43,40
PCM,40,37,35,34,38,45,49,51,53,52,47,44,44,45,50,54
PCM,55,54,51,51,48,48,49,50,56,64,69,67,64,59,57,58
PCM,63,67,69,73,72,70,66,65,63,60,64,73,78,79,81,78
PCM,71,68,64,68,69,72,77,74,75,71,64,59,57,60,64,70
PCM,76,76,71,66,60,58,59,62,68,70,71,70,64,59,55,55
PCM,57,61,67,66,69,65,59,54,54,53,55,57,61,61,62,58
PCM,50,46,41,43,43,49,54,57,54,49,43,38,39,42,45,49
PCM,52,52,52,47,44,41,42,42,44,49,47,48,45,40,40,39
PCM,41,44,47,48,49,47,45,40,38,37,38,40,44,44,46,42
PCM,37,32,34,37,38,40,42,45,43,42,41,41,38,37,40,42
PCM,48,46,43,38,41,43,41,43,45,46,48,49,48,45,42,43
PCM,42,46,51,55,54,53,48,49,47,48,47,51,51,52,54,55
PCM,56,53,53,51,54,54,56,59,56,55,52,53,53,52,55,52
PCM,53,55,52,51,47,48,47,50,50,53,55,54,51,49,49,49
PCM,47,48,48,51,52,53,56,54,52,53,55,55,55,54,55,52
PCM,55,54,55,56,53,54,54,57,56,58,59,58,56,54,56,55
PCM,56,54,54,54,51,51,46,46,45,46,47,49,47,46,44,43
PCM,44,41,42,40,43,42,42,41,41,39,38,37,38,41,41,39
PCM,37,40,39,40,39,39,41,41,43,45,44,43,40,37,41,40
PCM,41,44,46,45,45,46,47,45,43,48,49,52,54,52,50,49
PCM,46,51,52,54,56,55,56,53,58,58,55,56,58,59,60,62
PCM,61,58,58,60,61,60,62,60,58,60,59,60,59,60,54,56
PCM,56,58,59,57,56,55,58,56,57,53,55,53,53,54,54,52
PCM,52,52,51,53,54,52,54,51,53,53,53,55,54,55,57,55
PCM,56,56,54,54,55,55,54,55,53,53,52,50,50,50,53,50
PCM,49,49,47,49,45,47,46,47,48,49,51,52,50,51,51,52
PCM,50,51,53,54,56,54,56,56,56,57,57,59,59,59,60,58
PCM,60,56,57,58,59,59,59,57,56,56,56,56,56,55,55,54
PCM,55,54,57,55,57,55,53,55,59,59,60,63,62,62,60,61
PCM,61,60,57,59,61,64,64,63,62,64,59,60,58,61,59,61
PCM,59,59,58,56,57,55,58,55,52,54,50,48,48,48,48,47
PCM,51,48,50,46,46,45,43,43,44,44,44,45,48,46,45,46
PCM,45,45,44,47,44,48,44,45,47,47,49,46,45,46,46,47
PCM,48,45,47,46,46,42,43,44,42,42,41,43,44,43,41,39
PCM,41,42,42,41,38,40,39,41,42,41,38,38,40,41,42,40
PCM,40,39,39,39,38,38,39,36,37,39,39,40,39,40,42,40
PCM,42,42,44,44,43,46,44,45,47,47,46,45,44,45,46,45
PCM,43,42,43,47,46,44,47,44,47,45,44,45,44,45,44,45
PCM,44,45,48,48,46,46,45,45,44,43,42,44,43,41,42,40
PCM,42,41,41,44,42,44,42,44,46,47,46,47,48,48,48,48
PCM,47,46,48,47,47,46,45,46,46,47,47,46,44,43,42,43
PCM,42,40,40,41,41,39,38,37,42,39,41,40,40,39,38,37
PCM,36,39,37,37,36,36,34,35,36,34,36,33,30,30,30,30
PCM,31,31,34,32,32,31,31,31,33,34,35,34,33,33,35,37
PCM,37,39,37,39,39,42,39,40,40,40,42,40,43,45,45,47
PCM,47,46,46,44,47,47,48,46,46,46,41,44,42,44,41,41
PCM,44,39,45,42,43,45,43,44,43,43,43,41,45,44,43,42
PCM,43,45,44,46,44,46,45,44,45,44,47,49,48,46,46,48
PCM,47,48,47,50,48,48,47,50,51,50,49,50,53,50,52,52
PCM,53,55,54,57,56,54,55,57,54,55,56,55,55,52,53,54
PCM,54,51,51,54,54,52,52,53,53,55,51,50,53,51,51,51
PCM,54,53,52,52,53,51,51,54,50,54,51,49,50,52,51,52
PCM,52,53,52,51,51,54,52,50,49,51,52,49,49,51,48,50
PCM,50,50,49,49,46,46,45,43,44,46,45,44,44,46,48,46
PCM,45,46,46,48,50,50,49,49,51,50,52,50,50,47,46,48
PCM,47,47,48,46,47,44,46,43,44,44,45,46,45,45,46,45
PCM,47,45,46,48,49,51,49,49,50,51,50,51,53,49,49,50
PCM,50,49,46,48,48,49,47,50,48,47,49,45,48,46,50,48
PCM,48,48,49,47,46,44,44,44,43,47,46,47,47,46,46,47
PCM,48,47,48,49,46,47,43,44,43,42,42,41,40,43,43,41
PCM,39,39,39,39,39,37,39,37,38,37,37,40,39,41,38,40
PCM,39,38,37,38,38,41,40,40,41,41,40,39,39,37,37,38
PCM,40,40,38,39,39,38,37,37,35,37,36,36,35,35,35,34
PCM,35,33,35,32,33,32,34,35,35,35,37,37,34,36,36,35
PCM,37,37,39,37,39,39,39,39,39,40,40,39,38,39,37,37
PCM,38,40,41,42,42,39,39,39,38,38,38,37,38,36,36,37
PCM,38,37,36,38,36,36,39,35,39,37,38,38,37,36,37,38
PCM,39,38,37,33,31,30,31,34,32,29,27,25,25,27,26,25
PCM,27,26,28,26,31,29,31,33,33,30,32,29,32,32,32,34
PCM,31,35,34,34,36,36,37,38,39,39,39,36,36,38,35,34
PCM,33,32,32,34,34,34,32,32,31,34,31,33,31,33,33,34
PCM,30,31,31,31,28,25,29,29,31,28,31,27,28,28,30,29
PCM,27,29,31,28,29,27,29,31,29,32,29,32,34,31,31,34
PCM,35,35,34,38,37,37,39,40,43,40,44,43,43,43,42,44
PCM,45,46,46,47,47,50,50,49,49,49,49,49,49,50,49,50
PCM,49,48,49,49,46,47,47,46,44,44,43,41,44,42,41,39
PCM,40,41,38,42,40,41,41,37,38,40,41,41,42,41,42,41
PCM,41,42,43,44,43,42,42,43,42,43,43,45,42,45,44,45
PCM,43,46,47,48,47,48,49,49,49,48,50,50,50,51,49,51
PCM,49,52,52,50,49,48,47,48,46,46,46,47,46,46,45,44
PCM,44,42,42,42,44,46,42,43,42,41,43,41,39,40,39,40
PCM,42,43,41,42,43,43,43,41,43,41,43,45,43,43,43,44
PCM,45,47,49,49,50,51,49,50,51,50,51,50,51,52,51,51
PCM,51,52,48,48,49,48,47,48,47,45,49,47,47,47,48,50
PCM,46,48,45,48,47,48,48,48,50,51,50,51,52,53,53,52
PCM,50,49,49,51,51,51,53,53,54,53,51,51,51,51,50,49
PCM,49,49,46,45,45,46,47,47,45,47,44,44,44,43,44,40
PCM,41,39,40,41,37,38,35,37,36,33,32,30,32,32,34,30
PCM,27,26,25,27,23,22,21,24,21,21,22,22,20,22,21,23
PCM,21,20,23,22,23,23,23,22,21,24,22,23,24,22,24,23
PCM,24,23,23,25,24,23,23,23,25,23,23,26,24,24,25,27
PCM,27,27,28,26,29,32,28,29,29,28,26,28,27,29,30,28
PCM,29,27,30,28,30,28,29,30,31,30,33,31,33,32,33,33
PCM,33,33,31,33,31,29,28,29,28,29,27,28,30,32,32,29
PCM,32,32,35,34,33,35,35,35,34,35,35,38,34,36,34,36
PCM,36,37,38,39,41,39,38,36,38,36,36,35,32,33,32,34
PCM,30,33,30,30,29,28,30,28,27,25,22,21,23,22,23,22
PCM,23,21,24,22,24,24,26,23,22,19,20,19,20,18,17,19
PCM,15,18,17,17,17,20,19,19,16,18,17,17,16,19,16,17
PCM,18,20,21,19,18,18,20,20,20,21,20,21,22,21,24,24
PCM,26,27,28,29,29,27,28,29,29,30,30,31,32,32,31,32
PCM,32,33,35,35,35,36,37,38,38,40,41,40,40,40,40,41
PCM,42,41,40,40,41,39,40,42,43,41,42,42,42,42,39,42
PCM,39,41,42,42,40,39,38,38,41,38,37,36,38,38,37,36
PCM,36,36,35,34,34,32,33,32,31,31,34,32,30,32,32,28
PCM,29,27,28,26,25,27,27,26,26,25,27,24,26,26,27,27
PCM,26,27,28,29,28,29,30,30,30,31,31,32,34,31,31,31
PCM,30,28,29,29,29,29,29,28,25,27,26,26,27,27,25,25
PCM,29,29,28,27,30,30,29,28,28,28,30,29,28,31,30,32
PCM,33,33,36,36,34,34,35,36,36,36,35,36,35,35,36,36
PCM,36,36,36,36,37,36,34,33,35,34,35,35,35,38,36,39
PCM,38,38,38,38,40,39,41,42,41,43,42,42,41,41,42,40
PCM,39,38,37,35,35,33,34,36,35,34,33,33,31,32,31,31
PCM,32,31,27,29,27,28,29,28,26,26,27,28,28,26,28,25
PCM,27,29,28,27,28,27,24,24,25,25,24,22,24,23,23,21
PCM,21,23,23,25,25,25,24,24,24,27,23,21,21,22,23,19
PCM,21,21,23,24,24,24,24,22,19,22,23,21,21,20,21,21
PCM,23,23,21,21,19,21,18,17,17,17,16,17,17,17,16,17
[SNAPSHOT] --- END PCM --- (lines: 2000)


[SNAPSHOT] --- BEGIN MFCC (raw float, pre-normalization) ---
MFCC,0,-54.540749,0.839259,2.727215,1.926562,1.612775,0.947549,1.016850,0.512742,0.726956,0.195350,0.189469,0.065246,0.185031
MFCC,1,-55.273964,0.976163,3.309851,2.224151,1.223003,0.580359,0.865923,0.330401,-0.396276,0.382946,0.834203,0.395433,-0.095382
MFCC,2,-54.398823,1.819112,2.885246,2.203070,1.641627,0.899892,0.688680,0.625194,0.913332,0.638898,0.039286,0.397777,0.159586
MFCC,3,-55.623634,1.181060,2.907080,2.110716,1.324881,-0.221814,0.911997,0.668686,0.501258,-0.166520,0.599326,1.114719,0.563383
MFCC,4,-55.312931,1.128214,3.013118,2.159207,1.406512,0.624039,1.193559,0.374468,0.459926,0.116190,-0.074731,0.087580,0.102792
MFCC,5,-55.469559,1.576069,3.031712,1.581405,1.933555,1.163740,0.367644,0.432711,0.815979,0.139147,0.545532,-0.048962,-0.294098
MFCC,6,-56.282726,0.629386,2.726062,1.610716,1.641409,0.194526,0.949594,0.716637,0.376437,-0.098096,0.445112,0.185223,0.360423
MFCC,7,-56.401237,0.641710,2.634851,1.432140,1.319982,1.045135,0.795188,0.350162,0.053144,0.143729,-0.029136,0.209871,0.179581
MFCC,8,-53.994068,2.348360,4.262174,2.780442,2.305514,1.288424,0.626844,0.359125,0.435096,0.154042,-0.161299,-0.386462,-0.117526
MFCC,9,-46.592564,5.987944,5.348436,3.293093,0.589420,-1.262748,-0.182417,0.053156,-0.058718,-0.293106,0.394449,-0.103517,-1.168810
MFCC,10,-45.562752,7.737867,5.771664,2.396956,-0.134127,-2.364968,-1.616211,-0.845276,0.080051,-0.120444,0.125167,0.091735,0.624201
MFCC,11,-42.703182,7.106604,5.819511,2.045322,-1.905832,-3.193045,-0.426619,-0.877492,0.685454,0.525564,0.339680,0.435189,0.494133
MFCC,12,-38.397503,6.648989,3.679722,1.531229,-3.219872,-1.971995,0.634002,-0.743784,0.531369,-0.283732,-0.644703,-0.261453,2.049721
MFCC,13,-37.556557,5.774416,3.214451,0.943739,-2.255710,0.012300,1.146541,-0.601638,-0.710217,-1.054448,0.050836,0.719830,2.758931
MFCC,14,-35.123329,4.814769,2.132859,1.902650,-1.755113,-0.086391,1.219617,-0.773761,-0.620567,-0.780947,-0.302238,0.067869,2.300190
MFCC,15,-34.961082,4.758703,1.563961,1.004328,-0.113016,-0.448322,1.180528,-0.973035,-1.506703,-0.219681,0.621170,-0.012051,1.629510
MFCC,16,-37.050682,4.879405,1.449601,0.832304,0.794671,-0.005418,1.024178,-0.595703,-0.422842,0.209516,0.865673,-0.598717,1.163732
MFCC,17,-39.248775,4.882583,0.881530,1.264804,0.691583,-0.133537,0.870152,0.667429,0.086645,0.671541,0.028525,-0.032904,0.790190
MFCC,18,-42.594135,4.795471,1.888206,2.065370,1.694939,0.284625,0.551574,-0.303644,-0.355683,0.517982,0.431713,-1.051151,1.064383
MFCC,19,-48.073093,4.337173,3.318009,2.971469,3.015247,-0.089791,-0.421070,-0.170067,-0.229610,-0.334720,0.550347,-0.188058,0.184963
MFCC,20,-48.926510,2.595387,2.067739,3.176955,3.540859,0.223847,0.093249,1.196030,-0.176594,-0.536155,0.371736,-0.249052,0.505331
MFCC,21,-50.059235,2.336770,1.922546,2.812233,3.239136,-0.498919,-0.185860,0.562973,0.230967,0.383341,0.967862,-0.224215,0.518953
MFCC,22,-52.933109,1.748855,2.218508,2.472681,3.229252,1.175107,0.752203,0.591449,0.829663,0.163457,0.573749,-0.019843,0.156492
MFCC,23,-46.455070,2.642661,0.369058,1.626202,1.154589,-0.956745,-0.411088,-0.287189,0.955062,0.935132,0.160517,-0.116904,1.309752
MFCC,24,-50.846062,1.745087,0.833340,0.614672,1.849829,0.507219,-0.857643,-0.290724,1.270707,0.954041,-0.008087,0.453409,1.180126
MFCC,25,-53.718376,1.378870,2.256442,0.700807,1.563697,0.573852,0.350676,-0.192884,0.512063,0.813528,-0.217447,0.108480,1.428924
MFCC,26,-54.670361,1.411286,2.372665,1.159789,0.935292,0.067856,0.595345,0.474193,0.591190,-0.140333,-0.052502,-0.060363,-0.300728
MFCC,27,-55.299740,1.616582,2.668571,0.749403,1.441786,0.963394,0.596709,0.189605,0.805873,0.817381,0.193246,0.197308,0.038953
MFCC,28,-56.507126,1.282881,3.422531,2.066435,1.066401,0.685885,0.791354,0.594888,0.715657,-0.548892,0.345839,0.915491,0.472054
MFCC,29,-56.787777,0.960300,3.384558,2.518874,2.231234,0.594475,-0.023484,-0.441682,-0.156038,0.227677,1.189341,1.048681,0.186943
MFCC,30,-54.626553,2.024218,3.411551,1.431459,1.627134,0.812381,0.771016,0.288906,0.435422,-0.239514,0.982598,0.236240,0.016325
MFCC,31,-55.543335,0.824217,3.104891,2.385656,1.417567,0.836287,0.997203,0.227196,0.276161,0.072803,0.116424,-0.194435,-0.117338
MFCC,32,-54.453518,1.830116,3.128773,0.988977,1.172862,0.392669,0.592152,-0.404655,0.671301,-0.186499,0.547933,0.150359,-0.299848
MFCC,33,-55.550514,0.792770,2.944164,1.502594,2.433194,1.091448,1.136830,0.934983,0.775556,0.906873,0.594330,0.330210,0.637806
MFCC,34,-55.868851,1.313286,2.848398,1.534789,2.247496,1.259487,1.194578,0.696087,0.587777,0.152621,0.870582,0.679419,-0.135638
MFCC,35,-55.384102,1.196923,3.385289,1.711341,2.323626,1.364151,1.393635,0.464776,0.441291,-0.134413,0.468907,0.093556,-0.513562
MFCC,36,-55.707981,1.573959,3.496176,1.897504,1.919732,1.250792,0.742786,0.357574,0.842923,0.458368,0.563752,-0.013628,0.194621
MFCC,37,-55.795639,0.547847,2.957831,2.061837,1.159784,0.575619,1.627783,0.877046,0.573151,-0.099167,0.971508,0.303435,0.225253
MFCC,38,-55.521870,0.596240,2.459325,0.931134,0.964821,0.321086,1.308033,0.443991,0.465447,0.306553,0.335652,0.501074,0.217917
MFCC,39,-55.609631,0.768792,2.965779,1.459334,1.450766,1.023621,1.340838,0.610600,1.070861,0.076117,0.495002,1.079438,0.978103
MFCC,40,-47.704811,4.316655,3.365834,2.519926,0.509361,-1.489335,-0.681444,-0.053864,-0.626341,-1.156065,-0.140671,-0.865738,-0.610499
MFCC,41,-44.660732,7.340450,4.216437,2.325595,-0.805741,-1.874765,0.135584,-0.140206,0.340750,-0.713516,-0.138285,-0.311250,-0.112725
MFCC,42,-45.254303,7.005305,4.984552,2.078413,0.653313,-1.071302,-0.380931,-0.189712,0.365379,-0.524914,0.163780,-0.457860,-1.013009
MFCC,43,-45.926441,7.038966,5.357765,2.321194,0.834219,-1.031441,-1.188019,-0.658389,-0.748933,-0.684874,0.362215,-0.172401,0.413240
MFCC,44,-45.277527,6.555103,6.004195,2.903183,0.535358,-1.871171,-1.530856,-1.934680,-0.789701,-0.528417,0.555595,0.905965,0.383258
MFCC,45,-42.254845,5.821706,5.042248,1.647052,0.173546,-1.120000,-1.108238,-0.571423,1.489771,-0.425538,-0.018680,0.010924,0.578357
MFCC,46,-41.418274,6.249647,4.480513,1.005546,-1.558639,-0.272978,0.991569,-0.559292,1.180452,-0.548829,-1.453119,-0.578987,1.894782
MFCC,47,-37.878208,6.435630,2.692470,0.911591,-1.867773,-0.492545,1.664522,-0.877382,-0.719595,-1.496120,-0.230746,0.849576,2.160674
MFCC,48,-36.438805,5.387254,2.559965,0.730958,-0.947297,-0.487364,1.660332,-1.009478,-1.542547,-0.357897,0.743317,0.353038,1.895054
MFCC,49,-37.655464,5.460433,0.922146,1.090450,-0.025971,-1.101761,1.835818,-1.256216,-1.050847,0.804499,0.670015,0.455475,0.829542
MFCC,50,-39.073765,4.599089,0.079856,0.781531,1.622919,-0.574835,1.672001,-0.628473,0.211276,0.917636,-0.077364,-0.118436,0.578983
MFCC,51,-41.306553,4.652033,0.018383,1.601741,2.877528,0.076128,0.490919,-0.517666,-1.240414,0.098917,0.641902,-0.402171,0.700904
MFCC,52,-47.674385,4.215727,1.685563,2.038612,2.839774,0.947153,1.028409,-0.202856,-0.511274,0.921863,0.295248,-1.446775,0.853897
MFCC,53,-47.222023,4.789688,3.368113,3.496593,3.546111,0.034063,-0.486708,-0.707387,-0.045670,-0.234554,0.829364,-0.702604,-0.338097
MFCC,54,-49.110909,3.825237,3.250274,3.372492,3.467714,-0.074545,-0.590775,0.081600,0.374926,-0.206121,0.153874,-0.644679,-0.314381
MFCC,55,-49.469494,3.281491,2.948941,3.077664,2.835492,-0.275251,0.235973,0.400833,-0.147493,-0.481319,-0.162707,-0.176704,0.255830
MFCC,56,-51.065575,3.066824,2.716105,2.754113,2.801216,0.700795,0.358675,0.347563,0.326240,0.234966,0.345123,0.119550,0.405617
MFCC,57,-52.822445,2.026846,2.688890,1.610646,2.220624,1.219603,0.547463,0.198909,0.423538,0.970155,0.350546,0.148639,0.412774
MFCC,58,-49.211182,2.543813,2.304003,1.309602,0.175615,0.253980,-0.087893,-0.664499,0.697589,1.052788,-0.136628,-0.056332,0.923324
MFCC,59,-55.394638,1.541711,2.806318,1.460402,0.676350,0.304041,0.321207,0.543181,0.174488,0.160288,0.802087,1.151205,0.245217
MFCC,60,-55.849331,1.121537,3.046166,1.466158,2.091791,0.873641,0.901209,0.523170,0.084335,-0.321974,-0.229739,-0.166083,0.028112
MFCC,61,-54.959404,0.945141,3.191416,1.714563,1.315091,0.301207,0.358656,0.247546,0.482765,0.080256,1.035473,0.487920,0.333947
MFCC,62,-54.901524,1.453650,2.682313,1.464503,0.895673,0.726383,1.268553,1.244954,0.444325,-0.237932,-0.403536,-0.376289,-0.240847
MFCC,63,-55.030983,1.619151,3.573487,1.904574,1.690481,0.610267,1.170289,0.588704,0.141215,-0.796852,0.093554,0.255097,-0.224468
MFCC,64,-55.419521,1.362500,2.346005,1.466823,1.618420,1.214989,1.582455,0.720161,0.226627,0.045212,0.235483,0.256370,0.811977
MFCC,65,-55.756245,0.809469,3.033368,2.154081,1.963084,0.966185,0.559149,0.725209,1.006130,0.987585,0.425408,0.562460,0.316132
MFCC,66,-56.167160,0.866166,2.962509,1.995646,2.049176,1.101817,0.947943,0.581990,0.161371,0.320656,0.691371,0.933937,0.625445
MFCC,67,-55.751461,0.628926,3.381987,1.753465,1.702273,0.620230,1.020672,0.970362,0.932184,-0.431471,0.148102,0.714227,0.484438
MFCC,68,-55.106152,0.908680,3.411240,1.624191,1.433634,1.087121,0.984196,0.773201,0.457956,-0.080194,0.226569,-0.360042,-0.119288
MFCC,69,-55.111664,1.452598,3.355192,1.768986,1.553473,0.523324,0.343838,0.450224,0.744660,0.686617,0.609026,0.376139,0.157856
MFCC,70,-56.364124,1.141569,3.418044,2.295828,2.287159,0.874402,0.648741,0.223181,0.332178,0.246810,0.039195,0.751028,0.793596
MFCC,71,-56.261894,-0.033117,2.049390,1.413911,0.911127,0.701425,1.240716,1.327469,1.111173,0.985941,0.597659,0.308974,0.340020
MFCC,72,-56.706676,0.445346,2.154674,1.290569,1.824623,0.959580,0.668993,0.149427,0.377935,0.410749,0.640987,0.984223,0.018311
MFCC,73,-55.653397,1.551329,3.384560,1.329177,0.838696,0.685197,0.838062,1.040253,0.954578,-0.080119,-0.034253,0.246995,0.660257
MFCC,74,-55.059189,1.223716,2.800506,1.237903,0.715880,-0.329098,-0.033854,0.096894,0.509991,0.645901,0.972437,0.687815,0.065031
MFCC,75,-55.026379,1.256493,2.646941,1.786524,1.274291,0.100386,0.151596,0.210122,0.145838,-0.106883,0.087084,0.110243,0.439331
MFCC,76,-54.012669,2.533254,3.865335,2.237692,1.140312,-0.305560,0.570642,0.492709,-0.189191,-0.349036,-0.127980,0.240853,-0.155437
MFCC,77,-48.380482,6.471656,6.497268,2.942207,-0.028721,-1.734474,-1.015073,-1.243310,0.357158,0.110516,0.269823,0.237836,-0.494437
MFCC,78,-46.457287,7.605123,6.872988,2.294697,-0.693095,-1.680085,-0.620356,-1.474681,-0.707323,-0.363859,0.194181,0.072996,-0.012399
MFCC,79,-44.166637,6.901256,6.899392,2.721315,-1.696257,-3.480801,-0.754253,-2.028595,0.599312,0.257121,-0.353493,0.305768,0.549815
MFCC,80,-39.939888,7.107821,5.474634,1.087227,-2.429671,-3.003250,-0.058003,-1.546263,0.992888,0.934848,-0.176920,0.325887,0.428393
MFCC,81,-38.314190,6.832681,4.137715,0.899553,-2.746310,-1.585664,1.828850,-0.452511,0.539140,-0.805988,-1.032102,-0.070835,2.202195
MFCC,82,-38.181679,6.712214,3.025130,-0.182504,-1.123687,0.307572,1.675893,-1.013416,0.122874,-0.793565,-1.497673,0.208733,2.265285
MFCC,83,-37.571808,5.142787,2.856167,0.976471,0.607017,-0.086187,1.055660,-1.488876,-0.445244,-0.196616,-0.020042,-0.193878,1.400434
MFCC,84,-37.578011,5.790987,1.680155,0.941588,0.734011,0.642815,1.018866,-1.499876,-0.557985,-0.500683,-0.283035,0.010044,1.976158
MFCC,85,-39.089287,5.003010,1.323448,1.830471,2.038895,-1.257595,0.384980,-1.699762,-0.757779,0.316303,-0.107380,-0.087486,1.251331
MFCC,86,-40.928719,5.257278,0.329154,2.237197,2.105887,-1.177379,-0.013893,-0.800321,-0.184015,0.833347,0.302142,-0.394252,0.583246
MFCC,87,-46.519958,4.489273,3.059718,2.892728,2.761689,-0.383732,-0.388411,-0.610062,-0.532292,0.408817,0.873844,-0.766690,0.475736
MFCC,88,-49.722660,4.035159,4.212725,2.921890,2.531146,-0.095520,-1.147874,-1.091731,-0.556704,0.724718,0.222468,-0.463997,0.883402
MFCC,89,-48.915337,4.471035,4.415177,4.107446,2.875393,0.274215,0.223569,-0.032175,-0.403334,-0.606530,-0.215504,-0.535318,0.206667
MFCC,90,-50.431248,3.401288,3.903109,4.077689,3.593962,1.124478,-0.391502,0.231995,-0.682981,-0.377245,1.318518,-0.473134,0.060866
MFCC,91,-50.151638,3.365027,3.296838,3.388672,3.299383,0.639882,-0.334481,0.168877,0.119075,-0.882734,0.430974,-0.036494,0.993690
MFCC,92,-48.549450,3.560264,3.592861,3.837472,2.367961,-0.799812,-0.659513,0.245942,1.239193,0.245808,-0.260548,-0.426924,0.637279
MFCC,93,-49.760471,2.935298,2.046415,2.145931,2.477161,1.277630,0.220361,1.370493,1.743301,0.717298,0.183606,-0.246630,1.237785
MFCC,94,-52.975399,1.707738,2.071835,1.903249,2.735024,1.246386,0.704863,0.167779,1.067206,-0.365170,-0.451608,-0.569073,0.753412
MFCC,95,-54.207672,1.385213,2.717479,1.826948,1.906833,0.404137,0.677176,-0.501729,0.389569,0.732874,0.757942,0.548240,0.366129
MFCC,96,-55.005436,0.852696,2.993834,1.131982,0.935216,0.455495,0.541327,0.233248,1.261499,0.849623,0.981723,0.706944,0.506701
MFCC,97,-54.764637,1.419827,3.452385,1.783308,1.496479,0.571201,0.852514,0.321571,0.402383,-0.246210,-0.011991,0.154629,0.288311
MFCC,98,-54.696964,1.945870,3.525622,1.594593,1.196714,0.451352,1.724626,0.809170,0.621251,-0.239521,0.073053,0.640999,0.492840
[SNAPSHOT] --- END MFCC ---
[SNAPSHOT] --- BEGIN MODEL OUTPUT ---
OUT,answer,-128,0.000000
OUT,back,-128,0.000000
OUT,call,-128,0.000000
OUT,close,-128,0.000000
OUT,eight,-128,0.000000
OUT,five,-128,0.000000
OUT,four,-128,0.000000
OUT,help,-128,0.000000
OUT,left,-124,1.562500
OUT,next,-128,0.000000
OUT,nine,-128,0.000000
OUT,no,-128,0.000000
OUT,one,122,97.656250
OUT,open,-128,0.000000
OUT,play,-128,0.000000
OUT,previous,-128,0.000000
OUT,record,-128,0.000000
OUT,right,-127,0.390625
OUT,search,-128,0.000000
OUT,set_a_timer,-128,0.000000
OUT,seven,-128,0.000000
OUT,six,-128,0.000000
OUT,start,-128,0.000000
OUT,stop,-128,0.000000
OUT,three,-128,0.000000
OUT,two,-128,0.000000
OUT,volume_down,-128,0.000000
OUT,volume_up,-128,0.000000
OUT,yes,-128,0.000000
OUT,zero,-128,0.000000
[SNAPSHOT] --- END MODEL OUTPUT ---
[SNAPSHOT] === CAPTURE COMPLETE ===